A,B,C,D,E,F,G,H,I,J,K,L,M,N,O,P,Q,R,S,T,U,V,W,X,Y,Z
8,77,23,23,15,12,91,64,70,93,73,82,22,37,98,49,76,69,94,17,14,75,66,87,0,93
57,2,53,82,57,79,73,11,94,17,50,63,77,37,76,41,36,30,52,34,24,51,81,38,35,62
47,64,32,77,33,4,94,21,5,46,29,28,69,14,36,88,46,47,36,75,44,14,94,33,58,21
22,74,27,79,73,61,5,78,59,33,73,73,65,47,8,81,59,87,72,37,89,47,73,87,52,98
67,49,52,19,49,81,25,24,82,1,2,46,9,40,8,16,81,85,19,32,46,82,55,10,32,7
83,85,74,5,62,80,94,4,88,97,9,23,93,45,98,26,36,79,58,98,3,24,99,17,52,81
12,29,48,63,18,13,87,96,91,3,26,57,71,64,82,71,53,95,8,34,11,13,22,9,57,88
5,45,63,41,53,20,71,36,90,63,32,90,74,81,61,50,49,0,36,41,3,95,70,78,28,77
62,16,50,77,76,75,48,31,37,95,96,13,64,99,92,97,51,70,95,32,64,19,24,28,73,76
55,19,71,18,6,68,44,62,76,96,8,60,99,46,47,15,71,38,59,33,89,93,96,45,24,42
18,95,87,98,70,73,25,94,67,49,78,81,75,93,39,63,95,43,80,95,55,98,73,42,56,53
19,64,56,85,35,90,84,16,47,81,9,48,87,21,33,4,57,14,64,35,94,96,47,66,54,72
16,2,90,89,74,45,22,95,36,97,3,72,84,20,72,47,64,23,96,51,37,48,44,10,8,22
19,17,89,62,22,79,57,86,3,82,1,49,18,27,92,58,12,71,25,89,59,44,30,47,19,37
8,26,89,36,51,8,10,87,86,55,89,51,11,28,52,33,98,66,8,56,65,99,84,24,31,48
47,17,51,39,61,37,0,43,14,81,92,75,64,97,40,31,21,79,63,62,2,14,97,40,4,16
52,10,27,98,20,67,60,81,5,87,68,69,9,68,56,59,62,21,21,51,98,23,37,49,98,40
56,75,14,83,28,40,29,8,54,87,5,39,49,30,53,98,59,12,75,57,65,30,52,11,37,85
4,34,51,15,32,50,99,50,74,50,96,8,9,19,81,16,36,4,64,62,21,66,94,26,26,86
84,76,89,28,6,65,98,91,8,15,26,27,42,7,61,11,54,6,93,54,76,2,72,49,51,46
57,28,1,73,57,62,44,26,47,72,46,20,47,21,84,57,0,60,37,95,48,70,50,60,57,1
29,14,49,28,6,31,76,32,88,85,72,85,78,71,91,92,17,20,79,78,27,79,90,48,59,98
9,77,77,33,7,97,17,24,75,91,57,69,44,98,83,82,19,53,69,71,28,23,95,81,82,93
52,76,91,56,43,83,63,54,24,26,16,26,95,83,90,47,58,62,75,73,36,95,12,93,22,14
33,75,56,67,42,72,81,80,7,52,50,26,71,98,56,72,75,23,92,82,84,31,11,8,81,62
47,26,99,60,83,1,65,40,99,50,26,30,49,18,32,84,38,21,47,78,56,20,41,70,15,52
88,29,76,3,35,93,70,20,57,9,42,57,8,5,10,8,73,75,52,21,9,66,20,52,76,70
72,17,83,35,70,51,12,34,17,63,27,40,33,66,44,47,54,68,33,85,51,79,15,39,80,76
89,63,85,45,5,62,69,7,1,75,52,49,93,17,99,52,33,12,13,54,84,67,57,97,70,83
24,75,17,29,19,80,72,47,84,89,40,15,36,53,55,57,11,95,64,18,76,16,82,93,85,81
1,96,46,84,41,76,92,25,27,75,64,40,30,48,92,93,13,8,63,88,63,68,28,84,0,29
68,12,54,45,23,6,86,86,50,75,64,85,12,85,81,90,79,2,16,47,10,89,20,96,87,18
95,2,84,44,62,92,8,30,25,45,38,21,50,50,20,13,38,7,84,68,58,29,57,58,82,78
87,57,37,23,5,14,52,32,88,2,57,91,80,29,68,42,93,47,28,24,26,70,58,62,89,35
53,55,63,66,25,12,0,88,67,87,79,58,55,53,81,15,64,54,90,89,56,12,70,86,22,54
83,89,55,73,27,87,56,99,7,20,24,91,83,3,55,7,14,63,5,87,86,2,39,94,5,8
74,1,0,16,15,79,10,79,74,11,7,79,23,29,44,50,65,77,97,60,87,18,83,40,52,9
62,76,7,47,86,81,89,63,26,10,92,83,38,42,8,23,96,46,36,51,70,98,63,29,64,9
0,95,73,65,32,42,2,94,31,52,62,13,93,82,89,85,10,57,14,83,67,34,88,87,39,78
36,7,69,20,46,86,60,14,50,5,95,48,7,1,81,59,35,10,41,35,42,91,12,27,46,39
35,75,46,74,30,26,30,47,66,25,92,51,92,43,23,49,14,31,78,46,82,63,14,24,43,76
49,63,65,18,34,51,93,70,92,45,4,82,84,84,42,71,50,86,4,76,94,93,26,32,16,76
72,60,49,59,61,35,1,57,86,38,72,71,82,4,58,45,91,61,8,41,54,28,88,6,5,86
63,0,53,8,0,55,50,83,28,71,13,40,83,19,95,58,15,41,49,59,17,68,17,56,12,22
68,19,18,4,31,99,42,36,35,27,77,72,10,26,73,67,74,24,70,84,62,42,32,32,83,64
86,75,25,6,76,24,97,45,83,10,91,2,62,11,46,35,52,64,7,62,43,98,13,12,51,88
17,71,70,43,63,37,88,97,64,41,12,68,92,1,11,43,48,95,76,92,86,62,51,16,72,49
39,89,38,37,73,10,35,51,8,22,80,85,2,45,61,13,76,99,56,80,43,95,29,91,9,21
85,90,82,81,47,2,49,58,12,17,69,2,55,55,58,38,18,92,51,1,50,91,62,0,89,75
3,67,87,99,56,14,90,65,85,90,12,43,54,13,44,25,19,9,33,8,54,46,6,63,55,66
41,37,27,87,86,48,21,8,82,39,38,51,4,21,2,45,30,72,50,65,4,88,19,90,18,49
38,56,62,87,30,9,40,13,1,48,33,64,61,89,3,62,30,44,35,99,3,4,86,67,51,39
9,93,48,48,13,12,64,34,42,18,10,58,63,74,2,71,73,95,9,68,23,32,42,23,71,25
12,29,29,90,12,20,80,2,3,5,28,7,33,42,63,42,82,20,16,66,87,97,88,24,67,33
86,66,43,32,27,96,14,56,93,62,60,65,50,79,1,16,17,76,53,5,27,75,92,68,7,92
39,73,99,32,24,76,81,38,28,73,41,22,41,61,4,43,82,77,0,69,94,61,37,47,22,68
94,52,18,24,91,94,22,40,99,28,21,79,96,25,69,37,44,26,83,74,36,39,52,26,32,10
95,74,91,10,2,60,7,17,79,67,49,31,51,99,66,64,65,17,85,53,9,85,62,60,50,79
6,16,93,68,73,75,22,72,41,41,3,77,42,79,13,97,69,18,90,49,96,69,6,17,91,38
28,14,71,43,14,69,50,77,33,94,27,94,71,16,35,79,41,7,50,59,44,66,22,69,99,65
27,77,14,71,76,61,67,71,62,78,1,64,78,96,70,31,99,12,66,82,29,67,6,46,98,47
44,86,84,60,46,60,5,27,8,42,30,2,2,15,97,36,36,60,78,39,99,13,22,98,63,12
21,12,4,7,80,20,12,36,63,52,19,37,51,31,36,35,62,57,78,98,74,36,14,35,98,41
24,73,81,72,92,95,4,94,31,45,55,9,35,60,48,64,61,82,89,88,48,64,37,79,18,73
8,6,10,52,75,72,2,65,19,32,6,19,42,86,15,72,85,33,11,90,18,23,1,54,87,80
45,22,12,51,65,29,96,3,8,32,79,76,52,35,79,86,53,33,7,66,14,96,25,54,90,78
70,61,93,93,31,39,41,37,97,38,2,83,78,67,96,52,61,59,35,39,62,35,12,14,67,63
71,69,69,40,79,47,4,21,56,43,44,15,95,27,98,13,63,24,53,70,17,5,93,34,40,30
15,52,16,42,53,27,4,18,11,11,81,70,80,61,88,70,40,60,52,21,46,70,23,97,52,23
9,34,47,38,21,88,45,81,27,4,4,87,0,69,68,87,59,95,71,11,47,4,26,32,92,80
47,28,41,40,10,23,65,41,99,43,49,12,90,18,53,73,61,24,5,88,56,49,93,39,51,8
30,75,19,20,18,52,91,71,82,1,54,35,21,84,75,75,48,54,14,82,76,72,9,58,84,84
16,90,81,91,59,16,44,13,13,67,26,63,50,98,64,36,58,73,40,92,37,10,46,80,20,59
13,35,97,90,82,11,50,48,69,2,12,29,46,69,68,13,70,52,7,34,71,51,23,60,45,44
36,23,90,2,75,59,98,94,23,89,53,79,87,67,4,91,60,39,60,61,83,62,13,42,67,26
89,9,44,69,75,83,60,13,11,59,66,93,2,8,45,41,98,29,76,14,80,9,3,23,37,92
64,38,25,98,54,31,89,39,18,41,42,46,31,40,56,72,52,57,56,52,88,95,99,15,66,44
26,8,32,17,33,10,94,50,35,58,71,47,71,2,11,46,81,47,27,46,47,62,80,99,55,94
85,81,13,1,72,89,4,56,1,14,17,67,9,47,98,39,36,58,28,58,33,37,31,76,52,5
28,66,42,68,8,41,63,66,52,17,96,72,73,21,61,43,49,91,88,15,91,60,84,25,97,45
80,24,94,85,81,37,2,38,21,93,59,96,12,44,67,51,39,76,99,99,73,10,83,88,18,71
74,81,23,52,83,30,57,49,5,1,48,37,52,73,9,50,76,52,51,79,8,43,71,18,7,8
4,85,0,64,3,84,92,6,38,32,40,25,73,8,2,5,89,61,31,35,80,78,98,87,71,22
26,27,7,54,62,87,92,63,42,77,1,7,91,52,5,51,49,75,34,33,24,39,48,54,57,84
34,16,69,72,96,73,66,88,22,96,54,90,69,85,16,16,75,30,35,15,96,84,7,76,11,20
17,9,2,71,94,8,34,32,40,77,74,45,3,89,18,30,55,96,15,41,95,87,81,96,41,74
12,71,60,84,69,47,32,12,43,37,79,63,12,35,5,84,19,93,51,33,35,6,75,9,47,55
42,39,71,55,14,79,35,51,33,49,45,37,13,91,1,42,1,17,45,69,32,69,37,15,95,37
10,42,79,90,15,0,28,36,90,76,58,33,86,44,47,59,98,51,6,41,80,80,19,71,7,8
98,9,37,31,99,42,92,81,67,61,94,36,55,37,69,58,69,77,97,98,89,98,1,20,87,98
34,41,83,60,75,44,1,61,35,22,13,89,4,64,9,22,13,44,58,43,20,93,15,22,43,79
92,44,50,62,65,37,71,12,60,77,51,29,15,68,7,50,53,96,49,5,46,2,31,47,6,40
83,24,58,15,70,53,49,48,41,75,34,96,62,8,34,25,56,2,0,0,69,94,57,25,83,69
79,18,44,91,88,15,70,31,98,12,6,88,73,27,51,12,34,37,55,17,13,17,71,41,81,43
61,6,49,34,39,10,66,75,97,36,40,63,49,15,13,96,75,2,82,3,54,20,19,33,93,75
96,32,25,65,37,5,17,92,34,31,58,22,40,3,84,96,2,20,83,83,21,55,50,86,70,21
11,16,5,38,91,67,65,50,12,4,83,58,73,9,4,53,44,96,1,14,65,93,92,98,58,88
86,22,81,1,43,83,54,37,32,4,88,3,38,8,91,85,85,42,82,94,78,68,24,33,58,81
84,48,79,35,13,64,9,89,50,1,49,44,16,56,13,60,97,78,0,88,85,98,83,13,62,45
29,72,83,41,63,71,82,50,43,66,22,74,12,64,90,25,87,60,63,87,83,66,65,55,35,65
43,2,2,29,40,72,45,82,69,75,64,65,31,0,62,86,46,33,37,96,77,44,0,29,62,7
44,24,22,75,51,44,30,38,92,40,4,14,79,9,23,74,99,75,47,48,59,43,5,71,66,43
21,50,17,73,12,58,82,29,69,96,32,57,15,19,22,98,1,61,53,15,74,85,57,72,42,14
48,4,98,90,90,68,72,81,81,23,0,9,81,18,71,73,23,35,79,69,42,35,68,26,96,34
26,37,74,19,57,79,23,1,96,83,89,28,48,36,21,69,39,8,22,18,6,60,63,54,48,8
52,70,30,41,20,76,62,82,70,97,13,22,50,93,79,43,82,75,15,52,60,74,19,48,75,87
76,65,42,17,80,86,38,26,63,99,43,11,35,21,95,91,78,52,58,32,36,68,21,32,68,55
87,91,95,97,9,46,34,41,91,89,9,14,4,69,98,11,3,89,25,31,64,95,58,61,11,13
32,12,85,26,47,40,14,81,90,31,92,84,10,16,20,58,9,57,0,48,68,84,30,94,2,27
36,82,0,58,83,57,82,70,62,74,14,75,93,64,31,64,69,66,91,76,16,9,24,18,13,94
96,68,65,14,18,3,58,60,84,16,48,61,53,20,22,58,19,21,0,83,33,47,37,30,90,10
46,84,50,63,10,73,10,60,67,26,23,35,29,74,94,24,56,68,95,84,16,21,20,98,99,85
99,52,31,18,10,35,42,74,79,9,79,97,88,93,47,91,76,63,19,67,77,28,24,46,29,60
93,56,53,48,47,53,2,78,86,18,92,30,20,84,24,34,51,65,38,99,30,24,85,68,86,90
88,61,93,86,86,49,23,2,96,4,46,79,66,13,22,89,8,91,23,66,23,76,66,11,35,91
76,54,77,54,75,59,35,41,66,46,40,29,62,46,90,50,9,4,18,21,25,81,86,10,86,9
29,52,16,23,5,91,84,6,92,20,99,6,2,62,36,86,12,21,27,7,96,27,79,25,68,34
94,83,24,87,76,9,30,97,34,39,16,60,59,4,82,3,12,88,16,93,96,51,22,47,95,44
56,53,80,10,65,69,77,87,3,65,45,83,13,10,75,78,55,22,66,47,38,84,29,40,80,62
67,66,80,1,5,66,3,23,32,55,78,66,74,85,84,83,59,28,69,81,97,36,3,41,98,4
11,16,23,91,59,27,75,83,16,88,71,70,87,19,15,29,9,42,73,28,21,64,59,53,18,34
94,64,63,80,69,36,90,30,25,64,91,14,51,39,11,27,7,96,56,61,42,45,3,61,5,70
40,63,50,53,11,96,42,6,38,24,19,97,89,74,47,68,32,16,63,10,22,46,8,57,4,8
18,6,94,15,76,94,88,0,31,0,28,53,79,3,15,87,63,37,1,27,56,99,73,98,24,0
80,5,69,13,88,74,42,35,56,78,86,47,47,31,39,11,15,45,14,88,40,16,36,86,62,5
25,18,39,45,29,68,57,79,58,23,43,23,18,21,16,95,64,3,13,92,52,40,5,7,7,93
33,78,30,50,14,86,3,8,50,17,91,47,95,27,11,79,25,50,71,69,86,32,22,40,43,36
39,11,9,66,33,16,22,68,63,84,61,12,44,16,7,45,76,4,74,74,44,41,80,69,29,97
3,83,97,13,64,13,22,94,64,9,10,26,34,84,58,54,0,64,45,31,68,49,13,35,85,99
13,37,91,25,56,3,38,73,68,68,38,70,82,81,28,11,95,80,54,67,4,60,12,44,81,96
48,87,95,2,17,68,62,71,88,26,48,12,77,34,64,41,44,93,60,73,83,70,21,89,17,89
70,94,68,14,26,77,50,13,2,82,46,9,1,23,55,6,51,82,66,99,35,89,6,75,76,15
42,66,40,47,32,76,79,71,93,62,3,36,31,18,60,94,79,62,68,58,23,12,63,89,42,61
92,16,59,3,84,77,54,31,67,89,13,84,47,19,77,95,22,40,25,93,82,78,0,81,14,25
20,71,3,97,78,43,46,89,60,29,33,47,40,63,67,60,24,86,9,71,40,28,51,86,43,39
73,47,77,16,1,63,7,2,53,32,29,4,63,76,48,83,46,18,92,50,23,68,16,85,58,18
31,82,15,91,20,36,50,82,79,81,97,87,91,70,41,33,11,23,96,44,58,49,7,17,61,17
98,89,94,25,3,74,82,17,38,11,29,16,62,71,49,91,49,11,10,66,58,91,91,77,66,13
89,79,48,99,89,88,3,61,66,43,21,56,57,81,81,70,69,68,69,63,88,79,53,37,24,5
63,99,64,24,16,27,46,78,2,56,43,6,41,90,33,41,6,32,61,47,8,99,45,78,24,48
85,1,10,70,15,81,88,45,66,39,35,78,35,30,81,64,73,87,56,50,94,98,97,58,59,93
51,69,88,97,57,37,43,50,8,23,60,17,76,27,37,6,89,23,87,61,15,52,74,91,38,23
98,91,22,42,53,64,42,7,84,87,10,59,82,12,58,79,75,10,92,87,95,83,47,69,5,78
11,19,27,84,96,70,56,13,11,7,75,84,31,92,31,49,16,46,66,20,41,63,66,61,54,70
9,19,27,59,85,74,37,97,15,91,18,92,13,49,11,24,41,45,72,83,55,37,50,70,6,77
87,5,63,61,6,83,49,25,40,38,61,65,5,33,86,59,32,10,56,92,11,19,41,87,3,53
5,87,42,51,73,62,79,18,51,21,45,60,70,13,93,21,40,96,81,69,38,62,43,70,84,36
88,36,96,43,44,74,39,2,69,44,67,94,80,78,71,54,70,38,44,33,1,62,15,14,34,32
8,89,71,52,30,78,41,16,54,12,68,74,54,3,52,75,70,59,89,22,92,98,11,94,39,53
22,88,66,18,9,19,3,23,65,12,13,22,47,57,17,50,82,11,12,56,66,50,44,42,6,94
74,88,14,23,90,83,2,11,41,5,37,7,16,40,93,23,39,17,85,69,92,52,9,51,84,18
15,58,6,75,96,78,93,29,67,82,64,22,76,52,37,69,31,17,46,40,12,33,99,20,54,79
68,50,72,63,88,75,55,19,4,16,87,38,93,39,40,97,45,4,87,7,95,64,66,84,45,49
33,52,38,57,28,76,95,40,81,33,98,84,77,14,36,33,12,40,5,30,1,45,63,63,14,81
58,27,7,27,53,29,27,41,17,74,13,43,82,36,40,22,32,95,59,69,29,44,41,55,8,49
56,58,92,74,32,53,98,80,83,58,50,40,81,69,35,85,99,2,3,76,75,87,87,29,55,47
51,67,19,16,11,0,75,52,41,83,19,25,18,78,43,7,26,74,7,6,22,0,89,42,49,23
13,22,13,63,11,95,42,46,30,27,17,55,67,64,80,93,58,9,77,9,42,52,37,74,45,82
56,48,88,31,29,0,15,60,96,51,55,26,45,25,74,6,7,67,72,51,33,56,96,55,88,31
6,35,26,86,2,15,71,62,73,14,20,90,57,16,77,91,55,41,5,13,38,83,77,4,69,50
19,69,43,76,54,4,38,5,38,95,21,61,81,1,44,49,15,72,80,94,54,52,78,42,80,41
15,10,22,76,19,59,46,49,91,4,59,78,19,28,13,88,61,63,94,57,43,41,6,57,69,10
38,17,62,84,0,35,43,37,3,42,96,16,98,33,17,64,14,47,58,71,40,76,3,4,69,57
36,74,15,54,47,81,74,24,5,37,11,36,98,63,23,8,74,70,15,59,86,10,22,99,33,49
79,38,95,12,63,90,82,23,57,74,91,15,31,43,63,45,30,13,22,57,86,72,5,0,58,52
57,55,3,50,52,68,50,99,69,32,2,61,77,61,53,18,49,98,28,8,41,37,92,11,88,86
20,84,11,9,1,99,18,53,97,20,1,52,70,74,67,69,30,13,74,31,96,65,25,91,97,71
67,94,83,42,23,39,78,67,90,1,66,78,45,70,89,97,44,73,80,1,87,79,32,90,96,48
88,33,3,16,84,33,21,69,94,4,97,47,80,64,80,22,69,71,5,0,75,37,55,98,36,59
75,45,54,11,97,19,26,62,8,78,37,18,71,58,18,31,37,95,61,76,47,2,42,58,81,23
90,64,97,58,39,15,26,27,21,42,68,40,79,13,35,17,1,33,86,81,27,69,52,14,22,73
9,56,48,86,36,23,82,3,93,53,2,95,35,35,37,92,51,65,4,59,43,75,59,80,38,47
1,30,45,70,22,83,14,16,74,36,23,14,88,18,16,80,98,48,98,78,1,1,95,12,15,32
95,55,55,48,62,54,14,12,48,42,91,92,84,66,74,83,18,82,28,79,54,92,30,54,25,19
63,94,17,34,63,7,85,62,3,4,88,98,7,61,79,93,99,50,36,50,69,96,58,10,49,54
89,3,78,11,84,20,3,50,83,73,6,0,46,76,27,41,56,50,16,75,71,24,10,39,9,20
69,60,69,73,23,84,55,94,1,3,87,21,57,76,88,40,20,28,87,58,52,82,3,79,81,39
30,99,30,75,68,75,87,34,83,94,16,7,80,46,52,73,77,73,24,69,91,34,71,26,25,90
49,42,30,71,57,75,43,77,53,78,19,30,21,86,2,77,28,81,13,37,12,64,30,61,22,57
2,78,37,54,2,53,79,55,14,94,37,97,48,43,22,75,97,71,56,16,67,95,89,52,47,48
79,64,68,62,32,29,59,20,45,76,60,79,59,46,74,73,2,11,21,13,32,71,18,76,82,6
24,30,81,68,65,13,18,99,22,15,55,43,82,28,52,85,50,63,96,15,25,2,2,4,98,31
37,75,96,32,36,48,76,46,66,55,10,84,74,70,36,80,6,49,69,36,20,23,8,88,82,57
58,37,31,18,24,30,7,19,43,39,17,34,68,64,59,85,0,26,33,51,63,4,92,89,82,65
3,89,75,25,8,29,36,81,78,19,4,55,77,55,25,17,42,40,54,86,65,48,33,84,75,33
73,30,67,24,69,51,11,45,61,11,92,85,64,11,66,2,61,74,27,41,43,31,2,8,60,8
28,95,49,45,44,75,45,24,11,70,69,2,81,51,31,33,60,24,99,97,96,82,58,1,33,58
59,97,53,33,79,92,9,50,71,12,35,3,4,42,8,92,76,87,50,26,70,63,67,87,65,85
84,83,45,83,93,23,89,25,56,17,76,16,38,47,72,33,73,42,33,92,54,10,22,42,35,79
30,96,9,60,59,52,17,36,16,13,36,85,59,37,77,27,40,19,2,27,60,95,27,34,20,23
99,40,1,21,11,50,55,43,79,33,47,89,11,31,85,2,85,9,25,55,17,31,2,20,58,58
69,43,40,73,60,95,34,22,51,60,5,16,48,30,47,90,22,51,71,87,19,72,79,3,41,81
85,4,11,12,83,20,89,17,4,8,53,39,14,48,41,50,1,23,18,52,56,44,72,43,1,62
96,47,99,81,68,86,4,14,54,43,71,60,49,35,48,82,97,5,17,93,12,4,4,55,96,69
13,54,67,82,85,69,83,43,78,97,21,27,5,10,62,81,84,99,77,79,52,91,73,35,69,33
28,78,95,16,11,99,21,55,0,76,88,65,3,2,47,8,98,11,31,61,60,86,85,3,22,57
44,57,50,58,14,34,84,28,27,56,71,52,45,23,19,53,37,66,77,61,33,19,59,23,82,94
29,31,66,72,17,97,4,76,31,15,82,37,39,96,30,9,60,51,16,1,74,61,3,77,51,44
20,33,45,96,33,15,5,13,95,47,37,84,97,74,93,57,96,36,12,78,85,40,22,53,64,6
64,98,42,99,55,29,0,15,41,9,77,3,65,79,60,76,94,47,46,8,95,73,73,89,70,3
92,23,83,39,1,14,10,9,14,6,84,68,22,66,2,85,26,73,26,58,32,23,58,85,87,18
4,69,31,95,5,19,0,14,46,90,33,68,18,28,81,28,78,65,81,48,54,23,4,94,48,25
36,14,91,88,3,82,24,54,22,23,29,81,6,35,30,33,74,44,66,52,22,57,30,33,72,39
91,28,72,27,21,82,90,99,95,77,54,1,22,83,71,16,21,65,98,5,44,63,45,45,23,37
94,44,78,75,65,36,23,13,36,23,86,8,5,36,77,49,65,91,99,93,65,82,64,12,7,53
96,79,29,40,39,51,33,50,94,53,83,77,95,77,67,9,50,29,95,20,44,85,55,66,33,8
0,86,4,60,77,41,24,62,80,41,12,46,25,7,86,64,36,8,21,4,71,29,69,32,87,85
63,38,47,77,92,96,50,92,87,6,9,12,64,70,0,42,93,60,8,86,7,41,74,71,39,72
39,34,27,0,82,36,42,49,20,1,76,23,47,56,6,19,81,40,31,34,35,82,97,85,3,39
67,81,51,70,94,4,74,7,76,20,10,7,14,50,53,25,91,52,90,27,11,59,15,85,50,27
3,59,58,4,99,43,84,41,49,80,84,64,47,35,26,59,13,69,43,52,39,49,36,38,46,64
32,47,37,90,89,7,83,73,28,22,89,84,79,54,32,13,49,54,28,50,85,14,31,98,51,55
17,28,88,73,2,67,0,30,70,64,72,8,39,93,5,65,2,93,43,48,21,50,90,90,59,61
52,65,96,72,94,46,85,41,9,61,9,33,0,34,82,19,53,13,19,1,97,88,36,43,38,17
96,33,28,87,78,34,77,88,34,74,65,48,33,60,89,3,33,20,55,16,67,25,15,15,68,64
53,49,91,99,37,66,39,98,87,53,7,79,69,58,82,38,52,9,2,71,46,2,45,86,77,44
16,28,95,10,32,19,63,8,24,75,56,64,14,54,91,90,69,24,1,60,67,23,38,82,82,37
19,18,98,72,13,3,70,33,57,87,54,79,10,62,48,16,44,48,28,70,29,53,94,1,15,66
51,18,65,11,10,42,96,2,72,75,38,90,29,58,96,2,78,40,17,38,90,28,74,47,12,42
48,63,21,57,66,74,46,89,70,86,7,38,60,17,90,21,9,58,22,45,41,18,83,66,91,43
80,83,4,5,88,69,43,77,83,61,46,62,15,69,6,29,70,37,8,95,96,55,1,70,20,39
37,12,38,25,47,5,66,38,7,71,76,93,4,2,86,62,10,49,59,16,72,18,36,74,87,39
81,54,73,78,24,88,53,9,87,53,45,93,81,31,65,53,50,83,88,35,57,25,20,78,67,75
61,57,14,34,99,16,2,34,44,3,34,12,3,79,90,60,41,59,72,19,90,69,46,37,23,24
64,86,68,96,87,31,12,84,63,25,26,92,94,15,78,78,83,97,16,63,66,72,82,97,2,86
63,12,58,86,47,9,56,94,85,19,69,85,57,49,41,16,47,73,81,29,1,74,65,8,63,55
89,61,84,29,87,32,86,64,22,36,4,52,94,32,67,64,18,32,72,13,86,8,82,99,10,3
31,61,85,3,65,39,46,60,82,9,46,17,42,58,99,2,87,51,92,36,14,50,71,73,4,73
14,7,98,10,45,9,51,91,7,74,48,15,67,68,20,26,88,93,17,52,81,84,73,97,29,87
77,19,82,86,81,53,48,40,25,82,44,65,5,19,64,81,51,24,96,69,99,77,75,29,55,54
39,45,34,71,35,89,93,13,92,10,61,74,32,10,66,44,96,54,13,56,44,54,73,8,57,83
92,27,31,12,35,37,1,1,74,65,87,50,49,54,7,1,48,99,72,49,11,70,97,62,97,27
71,36,95,74,93,4,21,8,34,77,51,15,38,57,74,13,15,16,87,93,11,3,94,66,82,95
60,13,85,4,74,98,68,53,14,23,47,3,89,94,81,80,10,37,93,42,92,99,54,6,17,23
50,82,96,29,25,36,12,81,39,88,6,25,77,5,9,96,22,49,57,53,17,48,49,72,21,39
19,46,90,3,85,50,85,12,23,17,49,12,85,68,60,93,52,3,49,74,57,95,21,61,6,47
82,40,57,79,90,11,83,69,91,31,56,85,97,63,37,54,2,4,0,19,69,1,86,89,93,27
21,13,18,14,77,86,1,83,74,19,52,73,80,51,30,39,72,87,53,16,7,46,44,31,9,53
97,86,76,90,35,68,18,49,60,37,33,34,8,20,98,18,8,25,51,89,52,32,57,95,41,26
52,78,64,77,26,81,92,68,72,62,46,71,22,64,27,4,58,50,26,43,88,82,84,98,41,79
82,64,74,78,75,99,16,95,81,32,61,92,46,72,25,83,96,36,11,85,39,61,86,73,88,14
21,97,50,67,76,81,85,73,94,63,93,62,95,40,74,9,17,48,48,64,90,63,20,64,32,12
59,61,56,25,23,69,42,56,92,30,32,37,15,17,15,85,80,32,30,20,61,19,33,27,34,89
41,50,62,52,56,73,27,84,89,48,82,29,2,83,36,28,25,20,52,19,54,51,64,90,92,67
73,93,86,77,15,20,60,29,72,64,19,29,34,23,28,59,43,9,91,26,87,87,53,14,31,37
71,44,94,55,47,86,34,10,5,33,90,31,96,99,70,78,1,42,8,76,6,12,27,96,85,0
59,96,28,27,56,67,76,11,38,26,54,32,81,38,23,71,51,79,44,56,95,30,82,23,68,20
5,17,28,39,20,95,20,85,11,16,52,74,94,13,37,91,61,49,77,7,42,85,32,58,86,28
47,18,13,64,93,80,15,71,10,23,57,78,31,86,17,60,97,6,78,30,55,76,82,76,99,51
58,54,93,95,46,37,40,41,86,12,83,66,46,63,61,37,56,38,23,49,52,4,9,59,46,84
5,13,53,85,41,43,10,96,43,15,16,30,93,37,84,86,47,34,33,19,29,86,7,11,65,39
44,1,8,8,53,86,39,72,78,2,35,94,56,68,32,52,5,10,54,72,32,97,8,74,36,34
66,56,50,65,63,55,15,34,28,15,0,77,85,66,63,4,31,80,88,67,30,56,84,28,53,23
89,42,10,3,47,14,7,63,86,7,70,90,87,48,32,69,71,9,4,69,11,13,78,49,17,57
69,91,7,8,19,39,66,12,51,9,75,55,66,67,10,87,87,1,32,56,59,80,45,69,43,81
6,1,1,10,8,93,76,85,28,33,41,92,56,76,1,52,94,54,4,63,47,83,2,98,19,29
78,35,86,51,66,75,31,51,35,87,5,98,83,25,61,36,73,12,79,43,50,11,93,6,0,4
9,19,8,54,98,19,69,58,71,9,69,73,32,68,19,30,88,60,56,95,74,49,48,11,52,13
34,24,53,51,21,89,26,0,41,31,44,43,5,6,29,22,6,83,10,57,75,55,66,4,74,51
14,33,58,4,23,35,97,25,49,92,41,70,47,64,50,76,66,92,24,29,80,32,21,41,58,81
79,53,63,28,15,86,8,87,47,0,10,70,82,25,31,53,85,22,56,36,21,14,55,30,10,33
58,22,68,61,54,49,0,2,43,1,46,14,18,51,70,97,55,94,15,24,8,36,52,77,89,95
61,38,54,68,25,99,3,44,24,36,42,23,81,15,44,2,48,79,6,66,45,12,94,49,79,29
57,80,37,93,46,41,43,76,40,88,23,76,58,91,61,5,3,27,82,23,47,83,22,51,57,37
19,97,77,7,32,82,70,89,60,97,86,77,53,87,31,46,48,38,11,27,96,53,21,52,38,75
86,79,2,71,11,84,78,22,19,90,51,86,45,70,2,71,58,18,77,64,86,71,30,56,95,2
9,36,34,71,79,13,88,12,18,91,51,81,54,4,87,54,33,79,40,91,17,47,96,84,99,54
73,44,26,3,72,94,13,34,29,55,94,80,37,99,10,67,11,12,46,63,74,97,52,21,1,29
94,93,27,57,31,13,57,11,79,86,61,20,49,3,46,1,55,71,47,5,94,18,10,50,18,36
60,66,34,2,23,57,30,58,76,94,15,27,75,16,37,97,62,32,62,62,74,95,92,80,17,71
37,52,69,51,25,93,66,37,71,79,50,69,73,48,0,44,60,30,1,89,40,28,84,35,86,53
25,8,32,16,8,79,43,40,56,53,49,22,6,60,99,95,67,76,11,79,13,88,79,52,49,40
15,57,10,33,34,8,14,4,65,7,47,14,6,15,61,66,59,99,76,35,7,21,37,76,53,86
99,61,75,64,6,81,17,26,10,63,82,50,23,23,44,79,86,23,98,1,86,77,45,62,94,84
24,50,75,52,77,10,96,7,19,99,30,47,55,32,33,61,6,83,59,51,0,73,86,6,44,89
43,13,68,89,7,47,13,92,14,77,9,28,90,32,70,61,71,34,77,83,59,84,38,22,57,76
12,85,30,90,99,68,29,19,81,4,2,97,74,5,78,82,53,91,18,46,84,22,57,13,29,57
51,46,41,47,97,11,13,0,21,87,35,21,24,27,29,17,69,56,77,28,57,85,74,8,18,88
99,2,87,0,92,41,2,49,6,28,2,71,9,39,22,34,46,87,20,53,0,77,83,36,90,19
58,7,32,77,83,59,40,52,39,55,12,40,70,91,3,80,29,74,25,57,17,48,19,86,43,68
50,99,88,95,56,26,76,93,29,96,72,4,67,88,54,29,47,13,19,63,9,91,62,50,16,8
5,58,44,52,63,74,64,18,25,33,96,29,9,2,28,13,98,80,65,90,28,90,87,65,81,47
95,48,20,43,91,12,89,2,92,59,78,92,70,31,69,48,26,3,17,99,80,82,6,31,98,54
45,90,87,16,86,55,14,19,34,43,79,17,60,6,83,69,32,37,83,7,5,9,43,67,17,61
41,34,18,42,29,54,29,62,5,49,77,79,12,10,11,52,39,14,91,80,67,17,44,87,3,46
60,8,55,34,84,62,6,90,21,35,43,41,38,65,53,86,2,70,65,22,32,39,24,93,6,32
75,46,80,44,28,70,64,19,49,99,20,87,32,65,69,31,45,66,17,68,64,64,46,63,17,70
64,52,86,28,29,95,38,55,0,25,75,17,44,5,68,35,55,38,88,31,74,30,96,71,45,96
18,1,93,54,98,36,45,0,2,74,36,40,3,29,11,81,9,24,23,62,73,75,72,66,67,25
85,83,74,63,80,68,19,85,97,37,68,25,36,12,66,3,45,61,37,73,72,7,9,1,60,8
50,64,91,53,46,65,58,10,7,16,84,37,4,46,41,8,61,90,85,94,64,29,82,45,76,0
67,80,37,49,56,3,70,65,93,37,2,33,92,28,52,37,55,80,4,77,24,11,32,59,26,21
98,30,47,32,14,80,36,87,55,42,74,87,6,60,49,58,61,28,22,98,78,94,19,61,33,56
40,13,99,14,73,90,20,58,78,94,23,7,99,97,84,58,18,82,39,53,93,55,21,30,86,19
36,95,20,13,45,38,91,54,10,52,58,68,82,72,97,57,25,6,12,49,44,38,11,12,36,5
66,62,17,74,55,77,41,88,22,47,1,48,23,2,47,35,84,92,11,70,63,81,12,89,31,54
58,59,10,10,57,15,22,52,87,95,95,73,18,95,94,74,43,15,33,54,33,54,36,0,51,90
82,20,45,44,84,68,24,76,41,24,31,0,22,1,85,32,51,94,42,66,24,89,95,55,97,18
34,81,32,55,21,23,73,67,8,6,48,16,79,71,41,47,60,49,88,33,43,48,70,87,75,47
66,50,33,68,10,89,12,69,59,13,25,52,3,77,72,22,30,17,45,33,55,21,12,11,80,71
11,65,60,97,0,24,40,45,61,29,50,12,49,52,31,7,22,8,7,56,29,10,23,43,40,7
19,32,8,37,88,77,80,39,27,15,86,28,17,80,62,79,25,81,70,52,14,20,72,40,14,91
6,67,99,69,59,28,42,29,18,62,96,15,73,96,6,46,95,61,73,49,77,67,22,5,17,40
49,10,79,25,0,94,33,58,67,2,22,82,61,94,23,28,66,73,91,85,31,82,2,13,46,38
26,67,25,70,33,10,94,69,77,59,27,85,11,22,3,20,35,96,40,5,64,34,11,84,4,94
7,72,89,34,47,74,29,60,47,16,22,91,58,42,93,14,55,30,58,68,38,5,83,75,57,58
42,65,95,41,58,74,57,59,96,48,78,97,37,42,49,52,51,58,83,50,2,40,6,82,24,14
96,70,82,73,82,11,47,23,18,42,17,99,7,85,42,22,30,52,71,28,88,66,57,10,85,28
21,87,36,58,65,26,85,80,81,6,84,43,42,40,92,81,89,4,80,49,74,62,35,70,37,94
24,64,90,36,35,40,73,51,98,20,90,5,66,52,31,66,30,50,51,31,27,1,61,20,20,84
97,79,15,72,23,14,57,65,79,78,7,57,26,64,46,50,68,25,83,16,72,5,9,37,31,45
16,42,51,78,69,61,94,54,84,72,40,76,31,81,69,55,85,42,11,1,10,42,22,32,22,17
23,58,26,52,56,18,39,60,68,75,85,85,11,59,5,95,77,69,14,85,17,99,5,18,8,11
7,10,86,11,42,25,18,16,81,73,97,52,89,1,77,89,54,81,44,66,9,39,89,12,13,36
44,17,18,8,24,47,45,58,24,42,69,52,45,17,65,14,46,97,10,90,72,90,84,91,9,21
30,94,38,1,88,13,79,22,83,42,54,93,84,74,12,67,72,22,90,82,59,90,37,73,72,89
96,63,44,25,96,57,39,49,93,20,38,26,80,39,66,26,33,19,25,74,29,43,45,9,70,70
59,77,24,18,19,93,40,94,54,84,32,68,28,86,38,96,13,46,99,24,19,9,78,31,18,15
80,37,56,26,87,18,79,15,39,79,56,97,36,36,72,65,70,66,74,15,56,43,13,15,72,67
47,22,69,83,98,36,86,44,86,62,74,78,93,13,98,43,89,75,90,65,96,49,34,61,10,57
20,79,11,22,82,91,70,90,95,3,50,50,58,52,16,71,52,27,62,41,70,54,77,7,70,42
24,18,9,68,81,60,16,66,47,45,49,63,70,60,22,34,32,14,73,36,78,34,90,96,31,79
83,66,30,84,97,16,42,32,14,4,78,64,87,45,4,63,30,76,94,18,20,49,88,53,80,54
89,66,20,17,90,52,25,62,59,75,71,17,28,93,81,97,95,12,0,27,51,82,59,92,29,45
28,5,13,76,8,79,55,25,13,9,87,64,86,71,58,25,18,14,14,30,68,45,63,20,45,34
31,94,21,76,74,83,93,20,76,34,60,79,62,18,41,80,85,87,42,93,46,43,59,61,91,97
28,96,64,84,74,8,84,80,62,30,2,12,96,63,45,80,58,15,13,51,99,85,8,93,82,87
16,98,19,13,36,55,92,39,84,92,44,65,45,59,78,43,74,79,31,44,45,25,71,99,58,39
46,40,66,37,65,7,84,4,33,58,74,8,48,96,76,18,2,96,62,67,64,58,55,51,85,46
38,81,9,30,98,52,5,50,12,51,65,82,44,83,62,21,99,45,60,15,95,42,55,33,22,61
36,67,68,63,54,86,79,7,66,0,77,16,64,38,86,30,4,5,97,68,34,52,87,79,24,36
7,97,10,28,32,61,79,58,17,94,37,44,52,18,29,24,43,19,67,61,24,7,92,5,0,56
27,36,47,4,41,61,36,91,38,33,0,11,25,93,97,95,23,18,57,73,60,0,61,22,42,92
66,73,23,48,37,57,92,42,71,64,23,13,66,45,88,13,61,86,35,50,12,20,17,61,75,40
91,5,21,59,38,54,9,11,47,4,87,54,21,58,11,99,41,12,36,51,84,61,38,5,51,70
31,62,16,81,74,44,87,33,99,59,33,67,57,14,81,80,3,80,59,30,41,75,71,60,96,53
54,48,34,38,28,49,79,16,57,1,68,87,29,20,98,23,70,35,67,30,81,58,56,79,20,5
19,64,87,78,0,9,52,43,47,8,14,16,19,93,74,73,55,8,16,1,28,30,95,33,27,91
90,1,38,70,37,70,51,91,63,5,3,41,1,36,2,59,56,19,66,33,77,27,70,10,87,34
2,20,31,72,70,46,2,57,50,38,92,5,40,96,90,3,18,73,60,52,68,10,25,60,44,97
16,80,33,57,82,93,58,5,77,94,30,91,52,78,38,43,34,74,63,9,93,6,65,67,8,21
73,27,7,86,26,13,70,52,59,4,18,23,88,89,37,50,37,50,58,72,37,42,77,76,0,13
46,68,47,4,50,76,60,14,68,3,19,22,63,35,9,19,5,58,11,26,24,95,6,30,33,97
56,46,13,42,33,92,19,16,58,59,10,0,74,71,79,3,15,54,44,19,56,45,68,36,67,84
21,19,31,32,13,86,51,3,73,48,5,90,27,0,31,84,14,86,21,10,4,63,83,15,29,17
44,34,23,16,19,59,95,97,71,88,75,14,18,99,75,6,85,15,11,55,97,86,12,92,8,28
45,85,83,60,61,30,49,63,49,11,20,75,42,67,12,83,70,49,24,16,3,46,54,76,73,24
89,82,14,90,50,98,7,85,5,65,24,17,25,26,78,88,87,37,41,80,55,71,40,58,72,57
22,48,42,77,35,58,45,17,19,32,40,54,6,81,77,55,81,91,87,39,45,17,45,51,23,39
0,59,3,12,12,76,30,39,22,45,63,72,7,18,54,87,98,27,34,62,91,11,66,61,65,81
91,25,47,22,26,75,32,81,44,99,39,88,61,9,12,68,19,18,30,43,93,28,86,68,22,47
62,98,25,90,50,78,94,61,99,72,54,38,10,9,91,3,83,37,60,57,48,94,98,46,23,64
55,26,15,71,22,69,43,35,94,86,75,1,43,85,8,56,68,78,60,94,11,53,10,82,44,38
95,92,98,75,38,80,62,52,98,40,41,20,36,5,93,13,12,63,54,4,62,49,91,11,22,38
48,31,95,34,80,26,72,44,20,23,10,40,64,19,88,14,92,7,40,57,5,12,83,55,13,34
77,66,44,62,55,32,58,26,76,51,61,7,16,85,59,48,53,4,52,2,42,67,84,42,40,45
17,49,62,69,87,84,61,1,60,28,10,76,35,72,87,5,6,48,57,24,11,22,99,83,48,72
18,36,25,64,30,4,91,77,9,13,49,79,53,83,76,54,71,98,43,6,45,76,6,39,20,20
56,12,76,90,25,14,64,31,78,7,1,37,78,13,51,45,46,84,79,78,42,31,73,23,67,96
6,48,97,23,92,78,74,62,34,65,3,62,57,74,11,18,77,11,44,26,71,41,14,90,33,32
3,29,2,33,2,24,67,41,61,31,32,8,39,70,61,60,70,47,37,66,14,40,35,82,92,54
42,66,56,50,27,61,35,92,94,87,49,96,80,84,93,82,92,89,47,49,41,20,60,25,51,86
29,78,92,90,16,74,11,81,66,90,71,14,8,8,53,81,6,33,77,0,13,79,0,2,37,81
80,7,95,40,81,60,67,13,14,52,17,11,23,43,68,48,85,84,98,56,92,26,38,9,55,36
42,56,85,67,37,11,14,10,16,55,35,93,6,81,45,33,64,4,75,4,67,17,46,46,73,96
94,14,38,21,25,93,6,90,43,50,93,76,67,38,14,45,80,4,48,66,70,39,81,39,78,51
59,63,12,62,96,34,92,62,60,90,90,41,78,49,75,21,45,6,17,98,42,50,41,12,41,98
4,68,11,74,94,53,33,33,33,66,61,16,15,64,13,14,21,16,30,36,2,21,0,76,38,35
84,75,60,89,60,45,10,40,82,28,31,29,37,23,30,25,45,9,44,9,62,85,51,45,33,99
29,44,81,74,72,51,60,90,43,34,57,46,32,25,59,16,81,83,30,37,98,26,66,42,62,79
50,49,75,43,40,33,71,23,20,4,39,84,91,83,87,93,32,12,54,20,36,45,2,2,39,9
41,56,10,95,1,16,86,69,72,88,51,3,80,55,84,73,8,88,56,9,49,29,22,33,5,5
73,23,30,50,27,93,23,70,17,4,5,26,19,15,35,70,16,69,89,69,65,82,86,95,33,41
50,0,32,31,37,13,11,64,0,10,54,33,46,61,80,7,46,97,4,1,43,25,2,29,70,37
39,76,35,60,30,37,92,25,39,56,3,98,60,90,50,69,48,48,13,31,90,41,62,37,75,44
50,2,27,23,51,25,42,43,19,59,94,95,80,66,50,77,5,76,4,32,74,18,27,54,42,55
97,55,96,71,68,75,69,84,49,5,58,4,42,31,96,0,1,4,53,7,59,16,22,50,1,6
50,10,70,51,58,18,30,97,39,93,12,22,9,28,19,61,89,67,65,56,21,63,30,33,74,0
6,18,89,0,86,33,22,38,29,78,1,17,98,46,14,52,92,50,0,82,51,30,98,6,74,74
71,93,21,42,14,42,77,82,82,93,55,16,26,16,10,48,96,15,85,13,30,7,45,40,48,99
34,9,60,58,54,30,94,47,23,72,0,75,83,13,73,3,45,36,27,37,76,8,75,37,53,76
66,20,25,31,4,98,47,90,76,87,43,88,72,96,68,17,41,35,4,83,13,77,31,27,4,15
42,34,56,80,81,46,26,47,51,13,66,88,4,40,54,26,49,39,88,69,17,93,92,30,30,16
36,15,58,52,88,7,45,47,45,64,75,28,53,40,2,51,15,75,37,45,61,3,29,99,19,58
75,56,35,78,32,6,67,62,56,98,60,14,32,80,35,51,38,91,72,27,36,98,19,65,9,54
46,60,49,23,91,59,36,81,89,41,58,48,42,70,76,14,32,51,56,36,36,70,38,12,63,88
5,41,21,32,78,16,93,28,64,98,63,94,53,63,30,11,95,49,58,82,42,92,80,55,47,37
86,98,61,73,95,84,14,4,4,86,29,19,57,8,68,51,48,46,62,7,39,66,10,87,28,37
97,15,29,6,46,13,85,59,39,1,44,74,51,17,89,51,58,70,97,68,75,76,28,89,55,54
9,7,54,20,40,89,64,19,31,22,25,90,11,19,14,58,87,94,8,5,35,52,37,64,92,22
0,40,12,31,54,44,27,47,3,95,63,98,82,56,2,29,1,1,90,3,47,73,36,43,25,8
4,74,12,42,67,24,70,10,2,12,94,41,23,39,56,42,8,93,30,25,96,3,54,54,3,4
64,44,64,35,99,18,92,58,74,7,46,20,22,31,34,97,90,69,21,48,63,75,57,16,46,60
57,71,61,46,97,95,92,55,71,45,99,59,76,90,55,11,11,74,35,97,89,85,61,7,91,46
11,71,46,52,48,23,57,72,19,57,73,62,22,98,96,31,23,76,72,89,97,36,28,88,33,75
53,62,67,26,70,43,20,81,7,88,94,68,74,84,74,50,56,96,21,14,51,23,6,32,41,61
92,60,32,32,82,10,94,13,38,13,66,69,41,44,99,78,82,60,70,31,85,9,31,60,89,61
40,54,49,41,78,52,71,4,7,4,50,69,81,86,41,22,63,95,1,27,33,8,8,51,22,26
8,47,35,34,45,98,57,52,7,51,71,34,15,18,55,48,20,80,64,55,30,48,75,45,91,37
35,47,35,88,98,98,33,17,93,78,33,66,98,20,18,66,78,91,39,60,40,86,92,43,52,3
93,21,20,12,51,83,78,88,91,68,9,57,45,76,38,79,82,92,65,53,19,54,83,7,88,74
87,66,5,28,18,91,73,46,14,68,18,43,84,50,42,64,31,65,7,70,31,9,65,84,58,44
63,61,23,58,32,22,63,49,19,41,70,51,53,90,13,5,60,97,63,44,24,97,47,0,46,89
18,21,9,72,63,6,7,70,72,70,53,46,32,89,54,36,69,59,71,50,41,21,34,27,63,82
11,66,26,33,66,83,57,8,29,85,23,25,90,29,48,62,71,6,23,91,37,75,2,43,57,44
18,18,72,81,26,88,12,28,29,93,47,6,55,73,39,47,65,85,27,71,90,21,4,3,43,60
57,65,23,38,43,13,61,51,25,91,73,69,98,70,49,71,77,39,59,46,82,41,32,56,63,7
43,62,26,67,18,94,67,19,34,66,22,48,19,58,80,13,82,2,38,84,13,68,21,66,0,74
18,76,55,18,40,80,86,82,63,37,34,83,14,30,42,47,55,50,14,4,56,98,2,80,48,76
16,43,43,82,75,65,20,49,13,8,87,80,74,15,61,23,30,7,13,70,9,63,60,91,21,63
61,43,68,4,97,46,52,31,4,6,57,73,85,91,96,46,7,43,58,34,68,83,64,33,97,21
46,41,95,65,39,15,30,70,39,37,66,56,13,82,2,67,43,19,33,4,11,3,97,54,60,72
46,61,12,15,37,59,6,56,91,4,68,76,54,19,89,85,9,18,73,59,24,45,68,18,71,95
49,28,28,31,21,42,58,61,85,99,18,61,71,85,83,79,65,82,21,11,83,70,41,67,47,91
13,53,21,70,75,10,27,9,71,43,75,73,54,98,77,90,91,99,19,39,66,87,0,42,86,95
33,66,74,16,99,52,91,15,72,80,94,1,4,57,32,63,97,93,76,85,76,79,32,93,23,62
20,89,98,60,9,46,99,73,29,19,15,14,1,59,83,64,89,46,14,85,27,97,43,23,78,5
33,59,77,35,31,66,12,70,97,53,3,67,74,0,54,9,43,65,96,67,12,3,75,13,40,62
54,63,49,60,21,74,50,99,12,91,48,89,59,73,13,81,97,94,21,18,45,27,52,69,26,68
55,84,2,40,37,34,37,67,83,48,38,67,40,83,36,62,14,55,3,60,46,50,72,51,60,21
20,36,2,22,80,28,57,65,96,86,61,61,9,24,69,48,55,9,82,5,58,39,34,57,29,6
53,8,1,57,69,64,73,53,11,79,12,72,41,12,82,49,66,46,92,27,89,18,41,5,95,52
43,72,49,72,54,4,8,31,82,51,86,22,30,57,10,34,40,93,83,15,45,78,33,83,96,14
11,11,62,90,61,49,12,61,32,45,96,26,58,28,35,97,94,78,14,9,36,67,8,35,30,34
95,83,71,35,0,14,20,73,22,49,69,20,70,37,89,52,37,8,3,67,90,47,98,80,59,48
63,65,36,39,59,7,60,2,46,90,9,83,12,94,95,25,77,63,11,20,61,16,45,59,7,79
9,2,29,27,39,59,52,75,6,92,0,41,12,24,84,21,82,57,98,67,90,90,27,22,30,30
39,67,48,49,36,91,22,40,19,84,96,60,10,50,63,49,15,36,44,18,29,58,54,75,52,13
83,78,41,6,37,46,66,42,69,67,49,12,83,24,23,2,27,81,59,26,48,57,55,14,25,61
93,88,22,87,64,91,19,49,28,44,98,25,53,92,6,1,39,51,40,32,29,64,7,14,21,33
57,21,37,84,55,35,58,98,61,20,38,67,94,82,25,17,13,69,32,36,73,91,70,98,70,45
16,19,71,26,58,88,38,60,73,62,5,20,35,32,8,69,9,50,51,62,21,15,39,33,65,11
10,56,52,67,70,85,4,86,45,86,6,42,23,16,9,41,14,51,78,19,2,63,72,30,50,46
23,96,69,37,51,48,18,78,67,50,80,2,18,99,28,32,33,63,92,86,39,13,43,96,87,63
59,74,43,10,29,9,40,34,1,8,15,31,65,67,63,25,21,31,57,26,91,54,34,94,71,2
11,29,18,19,66,89,1,70,72,17,52,51,70,18,51,74,1,55,70,92,27,33,46,81,21,61
7,29,40,64,87,69,20,65,65,79,42,68,16,54,82,13,28,26,11,42,59,12,44,48,96,13
25,85,0,29,98,41,44,43,26,88,17,4,77,61,67,77,69,43,59,48,22,9,46,25,41,40
46,79,26,77,21,8,63,0,5,12,27,39,28,81,20,19,76,35,17,53,55,53,21,1,46,77
74,92,54,30,45,50,36,31,93,55,99,70,15,30,62,56,81,42,0,83,73,44,32,2,2,95
12,74,43,90,53,94,44,78,10,26,32,78,55,52,27,33,3,30,54,13,52,20,41,3,68,96
64,97,83,54,85,8,62,26,17,72,12,81,26,13,91,68,78,18,29,78,65,88,89,29,79,46
51,38,74,71,7,82,55,3,66,55,48,26,77,35,24,75,33,15,64,19,52,61,23,68,32,54
91,70,69,15,76,65,4,3,36,63,6,17,59,27,89,93,69,44,63,61,57,46,91,58,25,78
44,64,46,98,31,35,60,79,9,47,39,78,73,29,17,14,86,0,65,60,11,51,54,94,52,27
8,34,23,20,69,36,34,42,30,61,26,72,64,17,45,26,70,24,27,21,70,73,5,58,46,70
7,45,15,17,79,88,58,31,21,9,86,88,37,63,11,1,48,25,50,55,66,97,74,54,3,72
48,86,56,46,96,29,2,10,3,90,72,52,96,60,53,56,64,59,3,87,24,33,24,5,9,68
80,65,36,24,52,46,10,15,6,94,8,65,63,64,6,14,60,73,85,16,75,49,55,72,98,31
81,13,72,79,84,45,45,9,97,86,87,50,38,86,86,10,83,75,78,46,6,78,80,95,2,17
37,36,54,96,10,71,58,6,90,18,89,74,75,95,81,14,51,78,77,13,84,38,65,74,50,55
91,77,72,30,9,42,44,42,67,45,95,99,52,45,98,83,69,91,46,8,51,55,44,63,77,51
7,4,33,59,99,40,6,30,50,69,48,66,23,1,50,55,40,22,8,86,2,61,40,81,96,17
77,17,21,24,52,90,69,2,91,99,52,54,64,83,48,6,80,70,20,97,87,79,40,67,71,6
62,67,29,12,37,44,29,69,53,46,76,72,3,71,73,47,57,79,19,6,52,58,94,59,0,64
87,86,37,73,90,31,2,52,63,75,82,15,45,41,68,18,75,51,46,61,76,95,20,47,15,56
49,50,76,39,79,55,42,48,49,72,9,96,84,31,3,57,67,1,42,1,72,51,21,52,67,0
50,10,91,65,58,67,76,63,80,73,78,31,62,98,98,86,68,76,12,4,50,83,88,82,86,17
6,54,17,83,79,57,87,59,8,82,54,82,31,74,16,55,69,20,57,5,82,63,56,93,45,49
1,29,8,26,59,63,93,64,68,92,19,44,39,23,5,33,4,91,69,34,30,70,72,41,5,46
75,93,57,89,23,57,7,27,20,12,60,60,30,99,85,26,53,63,68,76,44,99,14,69,15,10
83,10,4,10,71,63,59,85,94,67,62,24,28,26,49,76,15,39,75,47,11,86,8,99,27,31
71,20,10,0,38,91,13,57,91,34,29,32,54,8,21,92,89,9,28,63,8,99,45,28,50,59
20,87,80,51,99,77,7,27,53,12,61,20,8,7,73,97,76,17,67,71,46,69,74,21,36,13
65,15,44,80,69,11,42,90,7,45,16,94,89,46,3,5,92,20,15,28,94,4,40,84,96,1
51,38,10,20,22,46,59,28,58,93,89,37,35,79,6,16,0,15,91,81,38,87,54,47,96,31
16,16,6,90,38,31,48,69,72,91,41,11,32,29,73,64,3,86,6,51,58,6,71,16,82,47
13,20,24,78,31,86,39,34,82,86,5,99,62,44,12,35,90,99,1,81,36,20,30,77,0,96
97,3,32,35,12,92,67,56,46,63,12,67,33,8,63,58,28,68,46,67,33,29,85,28,85,46
72,46,35,29,35,88,54,26,23,98,63,83,88,76,29,93,43,3,47,14,73,69,6,98,20,21
88,74,67,85,55,86,42,24,5,34,32,75,98,92,76,20,1,66,94,81,42,39,75,30,29,44
88,91,83,25,79,56,1,73,97,86,46,71,31,76,94,24,63,82,42,97,5,57,64,76,97,65
74,6,42,39,50,9,45,83,59,75,51,6,70,75,60,64,13,66,27,16,73,40,70,16,83,1
97,79,47,98,14,5,73,77,24,20,58,71,99,14,33,83,22,58,86,48,31,65,78,89,20,12
11,41,42,17,45,33,14,5,81,33,10,23,43,81,10,41,79,94,50,6,21,44,52,66,38,37
84,64,22,75,5,76,7,56,96,70,17,6,2,71,17,90,0,43,77,45,2,65,68,91,51,62
90,53,63,60,99,25,41,2,14,21,47,49,94,34,42,55,0,93,96,49,1,14,44,39,85,82
28,85,21,45,98,86,12,78,16,24,84,74,90,75,75,31,38,25,28,20,73,62,75,71,22,98
37,18,20,32,89,57,87,10,56,24,29,46,63,4,90,93,70,66,12,46,49,66,18,8,13,43
2,65,10,90,83,22,8,21,22,66,96,16,32,75,48,0,86,18,88,98,51,98,39,3,66,57
78,16,74,18,80,87,23,82,38,98,54,39,69,66,76,11,49,26,29,28,41,87,90,13,82,35
79,58,85,44,63,32,68,44,58,46,11,3,26,12,99,37,68,19,34,78,98,57,53,19,70,42
25,86,91,43,20,28,13,27,2,99,51,44,22,5,2,16,25,92,23,48,75,5,31,71,55,42
40,32,72,34,89,29,67,75,99,44,62,82,4,80,1,37,22,9,79,77,41,18,16,13,79,23
30,11,26,76,65,47,51,48,92,80,22,43,63,62,61,59,7,46,25,38,87,42,34,31,47,43
47,4,59,74,50,61,22,7,20,7,32,4,10,58,11,30,86,15,60,0,15,0,58,40,1,68
91,59,69,53,97,25,50,34,19,58,5,67,0,65,92,4,85,10,30,34,59,7,22,43,96,93
25,30,85,41,61,9,20,34,24,20,45,80,42,70,74,23,85,56,23,7,34,38,26,89,20,78
38,49,14,49,17,0,94,82,46,34,75,95,34,20,15,91,36,36,70,29,52,67,33,89,17,1
14,80,92,57,98,77,17,27,80,35,65,11,37,54,17,21,46,33,89,43,14,85,50,87,32,4
56,74,20,51,93,71,18,88,12,8,1,36,94,19,14,39,69,12,61,53,20,57,6,11,25,36
62,52,56,54,67,69,80,47,24,25,14,20,49,52,4,66,65,47,10,40,77,1,49,78,33,4
56,74,72,34,11,1,35,17,33,43,22,70,5,37,3,85,20,61,83,66,98,11,99,36,62,30
50,79,43,27,83,17,14,82,96,61,96,54,70,24,95,46,95,12,83,47,54,85,51,98,5,64
92,45,31,96,30,24,0,62,22,28,62,98,40,19,69,86,88,84,15,9,67,33,21,9,58,66
95,75,44,77,30,96,71,87,90,50,7,60,51,66,74,38,92,95,76,28,89,57,50,39,47,62
76,96,5,66,99,50,89,15,69,1,78,76,48,4,98,36,51,47,53,96,40,37,44,28,89,17
75,92,54,28,49,15,81,44,35,85,19,6,89,81,16,40,30,5,88,5,36,83,28,80,11,0
2,8,25,85,39,19,57,18,58,37,62,5,41,5,22,11,44,16,80,26,67,27,60,72,29,90
90,82,1,21,63,48,45,83,16,67,23,99,83,10,57,16,73,20,42,77,9,30,31,18,94,99
75,52,11,61,4,60,0,72,13,20,42,47,30,32,4,79,10,27,33,71,39,28,75,36,8,3
99,71,96,32,85,99,48,87,26,13,76,58,23,95,77,55,82,64,66,96,67,22,98,58,13,9
9,90,36,31,16,51,86,72,92,55,38,85,49,32,54,68,93,95,82,89,63,88,15,11,22,69
17,42,26,33,72,63,37,60,1,51,1,16,87,48,58,99,66,91,10,52,2,35,8,74,21,35
53,31,38,50,57,28,76,16,71,84,14,6,83,76,19,41,60,6,16,36,98,48,37,38,71,95
39,31,52,96,90,1,59,4,93,38,99,30,8,32,46,33,28,49,22,30,80,17,64,16,15,45
23,17,5,80,7,14,8,51,78,53,90,86,19,42,98,61,91,37,20,6,81,56,99,19,41,42
99,99,44,13,73,32,57,30,88,79,78,53,75,46,73,7,57,83,80,37,93,8,74,3,61,49
19,60,87,22,1,50,87,86,70,71,90,8,71,30,40,7,13,60,98,86,58,33,92,83,12,18
88,80,60,98,98,91,40,19,17,44,0,89,75,31,40,85,44,95,93,12,1,32,5,70,35,34
64,31,53,68,73,28,44,32,16,1,50,80,92,58,31,64,65,0,31,34,59,82,60,81,4,36
37,1,3,93,32,43,36,69,47,35,67,29,7,14,90,21,32,18,15,60,67,12,12,15,50,68
2,92,73,53,50,17,5,79,74,77,84,70,95,77,1,33,79,70,83,61,77,89,83,71,38,28
71,15,64,75,57,7,32,60,57,30,94,3,80,21,48,71,53,41,50,3,47,25,27,31,89,31
94,84,63,89,72,85,70,87,10,25,50,86,25,58,35,98,44,75,70,63,7,44,23,58,87,81
58,11,82,97,92,50,70,82,79,78,28,21,49,55,49,35,12,2,44,38,55,36,19,5,13,98
6,15,9,13,71,82,53,61,66,23,7,47,41,33,49,38,96,34,89,41,35,18,64,86,27,64
68,95,46,20,55,3,1,22,21,32,0,11,84,63,92,4,88,28,16,6,7,85,45,64,64,98
38,62,77,89,71,3,44,60,10,38,53,47,50,6,88,8,65,45,99,24,98,70,78,14,0,27
79,86,8,28,81,48,67,44,81,36,68,80,69,39,74,22,42,19,99,50,85,64,94,39,23,45
83,78,27,30,47,92,43,39,7,53,26,46,73,17,73,95,96,89,31,51,49,14,76,29,63,54
17,81,7,84,12,3,44,3,72,16,26,59,72,8,55,3,42,60,91,50,6,8,74,99,57,92
99,34,7,69,95,57,24,70,48,56,51,40,87,89,27,82,30,0,18,82,62,95,80,33,9,59
63,44,38,46,24,79,60,14,95,70,41,96,58,22,35,25,63,41,32,85,38,44,74,54,26,40
37,19,44,54,83,25,56,90,96,2,13,35,64,21,92,56,61,40,27,95,89,24,22,78,38,39
7,15,30,22,77,99,67,88,65,2,20,25,99,5,80,29,74,8,55,17,73,90,56,91,47,41
61,75,21,59,65,45,91,1,78,33,6,46,72,31,64,70,50,11,20,39,44,44,72,79,76,2
67,95,75,98,80,7,87,99,64,74,25,67,72,21,27,77,89,98,0,92,34,59,77,31,13,52
28,65,39,89,59,85,41,50,41,81,70,1,34,45,71,20,65,24,32,20,67,54,78,79,34,28
31,52,63,91,48,58,72,60,77,88,34,66,76,83,94,13,96,67,67,70,73,1,97,74,8,93
85,52,19,75,41,96,97,75,88,26,84,88,74,24,48,69,32,37,29,29,62,18,55,21,56,3
56,23,27,3,70,83,92,9,49,92,26,94,40,11,12,7,43,31,37,29,72,12,12,89,2,30
60,50,50,97,76,98,58,56,61,33,64,50,10,0,71,83,9,53,45,75,14,19,26,90,76,53
23,20,0,29,20,45,20,92,33,83,10,66,6,58,6,35,46,2,72,73,48,48,30,30,97,53
36,82,2,32,49,3,23,86,10,43,41,79,23,65,89,10,25,12,35,58,60,50,78,74,4,80
2,69,51,55,47,72,53,63,25,0,94,8,14,51,75,32,46,30,87,49,86,58,66,3,37,1
97,93,61,70,6,72,10,16,31,17,8,28,69,71,79,92,24,23,87,81,2,94,2,3,30,67
30,16,33,10,97,30,95,40,4,62,61,3,45,71,35,29,60,11,85,44,30,26,1,99,42,94
93,88,63,31,42,32,39,25,61,34,68,21,39,69,38,89,75,25,70,39,3,25,24,10,54,37
51,54,94,89,82,10,96,40,17,84,45,88,1,84,78,31,39,98,73,78,61,37,52,7,68,7
11,45,25,38,69,42,42,23,50,87,73,18,7,21,35,94,45,44,38,94,37,36,55,7,86,47
97,20,8,35,90,22,36,19,54,75,44,74,56,32,44,77,8,14,92,39,1,56,1,41,96,8
7,21,94,58,5,27,34,97,60,42,89,76,56,38,32,97,32,76,77,39,97,18,49,62,10,73
69,77,24,94,85,63,51,54,56,8,48,10,78,23,7,12,94,30,70,63,57,53,56,87,85,45
84,27,13,93,28,3,90,43,7,67,14,90,62,2,26,48,67,58,51,94,81,89,75,47,93,93
18,15,70,82,90,94,24,23,24,54,92,33,29,31,87,95,78,51,75,48,57,20,74,38,48,50
34,90,72,20,14,56,70,58,38,79,56,20,22,29,47,5,91,95,13,6,69,90,12,99,1,54
89,71,22,87,99,3,96,84,62,90,47,4,87,44,73,42,2,97,24,6,8,95,90,48,3,62
99,89,83,28,9,87,49,36,41,23,46,99,24,43,34,80,56,6,71,95,27,92,34,26,66,4
26,35,90,73,96,75,37,2,44,77,12,39,89,61,61,84,13,26,66,47,79,68,22,99,38,9
31,97,9,36,85,96,81,28,7,53,22,5,93,26,53,45,94,73,60,76,31,7,14,30,3,12
0,55,41,3,66,63,95,84,67,68,74,43,38,94,79,71,46,21,18,42,29,55,87,37,4,75
3,1,36,50,9,74,84,50,60,30,96,65,11,1,44,92,82,15,18,38,0,74,96,88,63,44
63,67,48,53,10,82,79,22,36,4,44,58,57,30,83,23,83,59,77,82,98,31,59,18,64,29
77,88,59,37,26,39,99,31,60,71,58,25,65,28,96,84,13,90,31,63,2,78,0,83,77,45
30,71,51,25,36,5,23,33,50,23,81,67,21,98,79,84,54,4,62,16,89,92,96,3,32,48
3,5,20,67,52,7,6,80,60,53,83,68,89,48,27,13,12,8,93,40,20,55,32,43,12,62
51,4,85,81,84,61,3,58,49,13,85,10,72,13,29,46,78,96,63,67,52,83,34,94,52,67
26,71,47,67,53,45,2,29,54,35,33,29,46,87,78,40,93,9,96,77,46,23,44,16,3,28
7,18,60,43,76,58,29,88,10,43,66,52,58,85,51,8,25,45,13,80,11,42,5,23,6,91
18,49,88,81,84,67,87,65,29,79,16,13,96,90,98,5,5,79,23,41,83,83,78,3,21,50
93,7,59,68,11,81,40,18,3,53,67,7,9,49,24,64,19,18,73,50,48,36,29,27,35,74
71,72,80,18,31,20,49,54,74,47,28,5,53,63,75,0,57,38,9,28,18,78,3,15,80,94
36,2,85,36,9,21,10,36,34,40,74,72,29,14,36,26,84,65,56,25,37,8,17,14,19,50
0,14,25,31,61,43,15,48,33,87,51,10,74,53,32,56,96,19,97,22,11,18,72,52,73,69
71,71,10,16,95,88,77,89,93,15,67,34,75,59,74,67,5,62,9,74,26,88,19,3,74,21
72,3,69,93,75,54,18,89,32,64,35,10,7,77,27,4,66,29,70,18,33,54,98,75,12,2
28,60,24,97,27,12,17,51,10,79,74,39,8,34,87,5,78,89,83,92,54,63,8,39,28,68
44,37,38,29,68,94,93,43,91,71,72,35,31,46,37,20,81,72,72,54,32,64,35,19,36,8
44,79,67,87,33,12,65,57,57,43,56,96,56,43,66,64,74,1,27,56,73,4,24,85,77,36
30,0,54,91,99,20,43,16,88,90,29,16,43,90,16,19,25,15,8,79,70,62,14,96,64,22
49,46,81,43,46,12,46,1,22,18,14,46,24,31,11,77,49,75,63,56,67,70,48,94,48,35
87,42,15,4,54,83,74,40,8,58,22,22,99,57,51,20,36,21,90,38,79,80,39,37,51,64
99,0,35,12,32,25,58,15,8,8,40,44,92,56,94,61,84,60,46,13,1,91,64,47,66,31
3,35,24,63,47,25,69,84,66,80,27,69,13,93,64,71,25,57,9,50,32,94,96,40,52,64
68,76,36,2,21,5,21,35,25,2,9,35,92,63,35,75,14,74,65,20,46,15,92,5,76,27
26,2,9,82,32,79,60,62,81,42,46,20,13,93,86,61,80,86,94,64,62,46,47,97,81,75
71,80,71,66,83,88,71,59,0,59,17,21,16,21,39,6,88,94,69,20,18,12,76,45,60,91
90,51,1,40,16,2,36,51,26,13,63,9,33,46,43,35,99,59,83,56,56,47,34,50,84,5
87,98,18,94,68,43,80,85,5,82,61,99,64,37,10,64,63,65,80,60,23,42,38,88,95,64
47,48,74,12,97,92,68,2,31,57,76,75,71,50,46,80,49,58,43,33,48,32,94,26,75,66
6,3,51,51,46,68,37,67,88,89,18,7,19,40,84,64,47,71,76,61,59,24,98,31,52,99
36,51,72,44,72,51,14,63,71,78,72,80,38,39,28,66,24,73,89,53,33,73,43,42,37,60
63,91,25,46,20,69,84,38,72,31,70,28,4,66,81,87,53,1,79,76,53,73,55,86,99,33
82,82,34,62,47,33,23,27,14,53,54,37,39,42,98,13,52,25,57,51,31,40,37,57,7,78
97,45,86,90,20,7,65,42,1,3,20,47,42,47,7,98,57,21,11,94,31,26,21,28,31,41
19,87,31,17,76,5,34,89,81,20,52,2,81,44,96,11,21,98,36,67,34,11,15,32,88,17
63,8,72,42,57,63,71,57,78,76,14,4,61,7,63,33,93,87,0,37,29,73,21,13,87,36
27,5,9,30,88,89,12,44,1,88,47,74,10,81,99,61,44,57,97,32,26,43,1,9,72,2
23,51,22,65,92,49,70,22,82,11,66,23,70,3,96,15,45,95,0,8,59,46,26,43,1,11
66,35,10,45,94,25,5,54,25,36,26,78,79,79,91,27,36,61,29,91,57,15,26,92,46,94
72,85,25,52,64,86,76,97,35,39,41,58,35,43,75,90,99,88,61,48,31,72,44,92,41,78
2,54,43,74,13,26,33,2,1,45,53,65,63,35,80,9,4,18,18,3,80,17,80,51,5,2
65,53,95,94,99,8,23,44,26,82,41,49,99,58,40,15,10,77,14,48,78,51,2,78,19,82
98,9,18,5,68,38,15,68,15,12,22,25,63,22,76,77,84,60,66,15,97,94,70,34,46,75
97,36,95,65,92,33,43,41,11,49,64,5,1,56,61,95,86,7,26,22,93,69,75,82,29,53
24,79,19,87,94,99,9,39,97,75,96,66,18,78,74,12,26,79,49,27,40,16,93,3,80,22
38,17,11,1,57,43,17,88,7,25,16,12,22,32,52,48,44,13,32,72,94,11,41,83,65,99
58,94,41,33,68,6,27,79,17,45,26,69,20,19,99,70,9,18,56,83,56,65,78,9,36,84
65,78,92,74,9,29,64,6,58,88,54,46,68,6,78,42,5,93,37,42,25,69,28,47,51,29
17,51,75,67,43,61,84,8,26,8,6,12,61,93,82,24,58,3,84,26,54,4,20,93,78,59
35,30,97,89,37,22,37,58,47,44,2,23,23,62,12,11,97,74,40,85,82,28,81,49,82,15
8,84,17,50,56,14,91,20,18,20,0,30,90,85,20,64,28,18,25,60,99,94,81,62,97,40
58,97,54,91,66,89,15,15,10,22,37,31,42,11,8,88,76,43,93,7,29,82,0,27,4,49
51,36,82,75,62,50,91,87,74,17,22,9,88,25,43,3,86,41,55,91,26,31,17,67,27,64
9,62,1,89,18,46,57,48,77,59,99,27,34,73,30,11,33,85,42,56,49,20,88,5,57,4
67,98,63,81,0,16,93,82,44,95,67,2,94,49,50,45,62,62,72,37,8,38,35,99,35,84
82,27,79,67,78,57,58,65,56,8,90,19,65,16,32,35,69,26,70,48,88,76,31,42,35,83
55,99,8,45,67,82,28,62,59,93,12,25,48,97,20,18,49,86,81,39,49,65,1,14,2,84
52,28,85,55,88,80,69,83,42,23,87,76,84,2,61,9,81,71,61,88,28,48,35,9,12,56
24,72,17,25,8,71,66,14,17,6,42,9,7,97,88,9,31,43,19,45,62,29,3,79,63,6
67,2,98,58,6,89,22,60,44,24,17,26,43,2,88,48,47,76,22,90,56,13,22,7,80,27
15,57,90,65,14,31,14,59,35,0,41,79,93,75,90,26,42,58,9,11,49,8,69,69,77,18
3,74,22,56,98,58,43,38,21,56,53,18,28,82,97,76,68,6,57,46,21,41,87,6,92,95
88,77,0,87,62,38,74,0,22,28,14,46,35,2,23,55,19,5,82,37,69,84,54,25,39,62
39,58,74,83,13,57,63,50,27,4,52,15,9,77,80,6,29,83,49,83,23,36,88,92,28,78
32,67,18,56,50,6,10,14,82,46,25,19,8,38,63,95,80,89,96,2,26,5,55,9,1,13
40,84,93,47,4,80,31,2,47,82,40,60,2,90,82,3,3,27,45,91,98,68,66,59,91,87
48,17,36,81,33,14,79,58,27,22,94,10,36,78,11,37,68,0,38,64,23,88,2,4,47,65
66,70,72,95,33,74,23,72,78,92,59,25,28,43,36,65,3,50,7,67,36,52,49,68,47,12
94,43,8,94,13,51,71,54,69,84,25,75,42,12,52,8,88,95,88,68,92,21,64,92,64,56
12,73,37,42,30,11,45,91,94,51,24,30,36,82,57,10,81,8,25,80,62,14,72,85,75,87
54,90,37,54,20,53,65,44,66,10,32,69,71,58,3,3,14,0,55,83,72,47,43,21,50,58
78,28,46,32,6,55,66,71,15,81,89,47,8,47,1,48,44,21,35,97,55,67,33,11,63,17
79,0,79,82,94,3,77,76,28,66,25,84,39,25,82,22,72,45,51,33,69,56,81,97,11,57
78,44,46,49,71,75,21,42,9,66,7,79,28,77,69,68,68,37,70,12,52,62,33,26,35,60
58,13,41,60,49,38,16,30,88,88,11,91,13,35,94,74,71,2,5,34,3,5,25,91,90,29
86,67,22,23,28,73,12,94,42,96,84,55,32,73,99,27,7,50,94,84,28,72,76,90,89,15
76,54,35,30,38,48,84,36,83,57,66,79,86,83,63,30,78,61,23,16,44,94,37,90,71,17
87,77,4,9,16,67,43,5,59,57,8,65,72,14,80,34,13,15,49,48,13,0,66,36,78,23
63,86,54,95,59,34,37,80,97,66,52,41,10,85,66,82,32,3,75,8,94,11,64,71,73,6
97,39,90,70,78,54,25,1,38,10,47,16,98,84,81,17,96,10,78,2,7,59,7,76,21,83
84,52,28,45,50,93,42,10,49,68,0,4,46,57,37,43,69,56,45,71,75,62,8,80,13,3
40,93,86,60,80,80,40,90,33,33,38,97,63,85,83,47,15,76,45,63,63,61,25,27,52,33
84,93,3,86,15,61,11,61,80,92,72,45,55,47,41,7,22,20,3,30,16,76,29,83,59,95
2,44,48,86,40,93,92,79,81,46,41,41,64,60,1,44,63,10,35,18,69,54,89,75,38,93
58,36,10,21,62,36,23,70,81,26,63,84,69,16,40,60,88,69,46,38,32,62,86,81,28,12
4,64,72,54,76,57,53,67,14,62,21,14,98,1,46,30,83,46,12,54,52,42,97,14,66,44
67,12,11,18,72,57,3,44,12,88,33,66,11,65,82,0,71,42,87,72,16,16,56,69,96,48
99,4,57,61,51,16,75,15,3,30,77,67,50,80,5,6,96,39,29,59,35,48,83,4,63,13
5,23,78,2,51,0,62,60,85,69,89,70,52,56,33,64,11,94,75,85,51,92,35,75,50,58
32,0,40,43,19,54,56,47,66,13,81,91,17,52,26,77,46,73,59,54,59,95,9,3,32,39
95,69,49,10,80,62,54,50,63,47,77,71,15,27,54,7,84,36,1,95,84,43,64,33,87,60
85,95,14,48,34,32,90,10,69,8,72,41,71,38,66,13,0,74,27,7,73,4,45,73,13,65
61,75,70,59,54,77,37,56,19,40,60,83,89,93,90,44,21,6,55,80,73,75,6,83,53,53
12,31,70,25,34,99,15,28,34,76,46,56,27,89,62,73,52,44,43,71,47,64,35,41,21,29
74,58,5,13,25,89,12,63,6,33,43,11,91,47,32,17,10,24,4,97,56,17,51,3,98,31
12,14,71,5,85,74,54,67,26,20,49,87,73,61,45,91,99,44,52,65,67,86,57,31,90,56
40,98,52,12,10,86,11,30,7,70,19,81,31,34,85,2,22,25,15,89,26,98,95,61,46,37
74,14,62,70,60,89,34,90,55,16,77,77,15,72,59,13,32,35,56,43,14,59,88,66,41,11
34,50,61,51,88,40,58,26,72,81,31,4,96,41,53,92,79,47,41,60,26,59,4,24,22,87
10,13,93,29,61,35,66,25,25,38,44,63,80,36,8,86,62,17,41,40,88,57,63,38,52,91
6,59,32,17,2,13,46,41,93,90,39,53,71,41,90,79,39,2,19,69,75,86,51,65,43,45
73,42,13,12,23,34,72,44,89,31,51,9,83,87,37,30,43,85,42,69,50,32,29,46,98,26
55,84,71,79,72,9,58,23,25,98,11,0,99,92,34,10,99,58,50,20,62,40,72,44,60,98
27,51,82,72,5,60,23,38,47,27,66,60,60,30,76,70,4,32,22,56,33,35,56,45,34,23
97,57,66,55,55,14,95,65,25,66,71,62,74,5,90,59,76,98,14,97,36,9,9,44,77,8
21,84,29,57,42,16,30,98,7,79,65,10,99,37,60,79,30,14,80,32,10,54,92,48,20,96
84,14,2,28,96,28,72,59,23,40,51,90,1,61,73,33,61,84,11,56,12,91,82,69,28,92
79,54,48,2,55,91,98,33,10,28,17,6,90,67,68,8,95,23,45,73,70,65,26,90,4,64
49,95,94,85,68,23,28,21,64,94,78,54,4,67,24,82,7,64,3,99,64,32,93,2,54,22
5,34,55,18,18,60,80,88,58,74,22,48,39,0,87,75,94,12,77,8,74,79,37,90,94,80
58,1,87,22,92,58,34,98,74,72,20,92,55,6,59,97,44,98,71,37,63,54,71,66,15,74
40,7,1,43,3,48,34,96,6,72,34,11,68,85,68,54,73,41,21,81,58,69,6,83,44,22
80,24,41,20,65,83,56,39,75,98,84,86,49,41,83,78,68,58,15,73,4,31,76,76,23,3
66,18,7,95,30,33,4,68,94,40,19,52,39,25,36,63,11,20,60,74,10,82,87,22,53,44
71,93,14,42,84,71,54,56,49,73,26,43,43,69,45,88,90,10,13,13,2,71,93,90,55,94
11,3,31,72,18,6,20,97,97,68,30,8,93,89,51,63,76,42,12,80,58,52,71,47,80,40
28,98,42,70,52,71,83,30,62,25,22,67,21,20,63,12,76,89,34,89,30,20,68,99,51,87
87,30,48,20,38,88,10,24,42,38,29,84,91,61,81,18,37,96,61,44,16,92,20,27,9,46
92,41,40,10,35,51,5,86,94,46,78,9,44,16,5,61,39,88,99,39,12,3,40,57,21,87
70,87,17,34,32,45,25,8,13,62,1,56,83,41,22,10,76,78,69,65,72,81,28,79,16,69
75,36,60,90,99,87,73,4,54,92,21,18,20,88,18,94,18,50,16,84,88,88,19,84,85,1
31,10,64,47,62,14,44,64,94,62,28,29,68,64,37,65,71,95,54,82,71,88,67,35,10,8
18,95,31,55,44,24,59,84,19,66,76,70,60,38,59,54,68,13,58,21,28,77,57,57,84,4
74,26,56,83,41,20,28,74,12,68,58,46,79,84,68,32,88,64,70,76,29,32,14,30,84,77
26,96,36,11,76,54,58,24,12,66,3,92,58,7,8,82,34,74,78,77,65,11,60,53,15,63
19,92,30,15,75,85,87,57,34,15,96,7,54,34,49,41,97,72,87,95,1,61,31,98,71,71
98,88,67,17,5,23,29,16,1,9,93,74,30,81,99,68,32,95,72,61,63,2,98,76,62,64
15,29,85,50,77,82,83,60,50,26,73,69,24,75,10,76,80,6,93,34,70,66,23,5,98,1
58,62,77,68,63,11,59,9,84,25,15,63,28,69,41,0,63,38,15,86,41,29,49,79,57,66
91,40,66,66,67,86,50,48,26,79,57,44,65,58,65,6,47,77,1,90,76,38,6,51,61,89
63,86,72,78,44,66,70,41,11,79,49,91,58,65,23,19,77,22,59,64,14,81,12,16,43,6
44,29,82,50,34,25,66,91,17,32,55,10,40,82,15,85,17,70,0,44,12,25,25,5,6,43
61,42,56,50,64,88,35,14,90,16,70,74,82,83,67,92,76,7,64,47,81,44,41,64,80,38
55,91,22,81,21,76,36,83,89,19,38,0,26,27,28,72,67,55,53,37,84,40,77,93,74,58
95,65,18,67,40,10,35,9,2,12,51,57,66,90,19,48,30,52,52,45,45,61,39,49,43,16
54,83,0,42,13,78,68,96,60,73,58,66,6,45,21,16,75,8,90,14,15,69,3,88,94,33
50,43,21,41,80,91,61,87,76,85,32,15,76,93,82,75,66,95,38,16,46,36,51,21,91,6
61,34,95,25,82,62,16,86,32,87,15,78,22,10,42,56,34,45,76,19,88,11,42,63,44,76
51,22,14,22,18,66,38,55,79,92,71,49,90,44,45,91,57,91,82,76,55,61,51,91,26,68
79,27,69,73,15,47,51,68,32,82,11,94,17,41,3,25,47,14,98,70,2,79,88,22,3,41
89,89,89,15,0,6,64,53,66,47,85,78,7,80,87,7,88,75,10,11,48,29,63,40,7,74
36,97,45,70,36,3,27,67,17,36,66,41,41,75,34,80,62,2,17,26,23,9,54,36,85,67
62,48,64,55,6,68,25,56,14,99,82,91,4,10,38,90,21,33,17,11,79,95,98,35,80,96
24,51,12,49,80,40,17,15,37,71,25,54,73,53,85,93,6,75,18,46,91,57,9,58,88,52
22,88,2,96,12,36,72,86,83,76,30,96,5,71,19,88,83,23,44,28,16,12,13,75,95,24
94,10,99,47,71,27,14,94,19,57,72,3,5,27,88,23,94,44,42,81,34,80,76,33,97,21
22,43,7,65,56,17,52,41,60,36,70,31,99,83,38,14,58,33,32,16,16,55,70,43,5,47
62,68,55,98,84,5,9,49,6,91,88,27,60,15,63,38,46,33,75,17,22,57,40,83,28,98
52,61,41,9,33,44,83,77,31,23,21,77,64,81,15,75,52,64,44,1,56,16,61,13,78,92
63,55,58,79,35,54,47,27,86,36,0,39,46,64,36,47,48,95,66,13,79,62,15,64,75,97
49,48,15,66,93,58,30,68,58,55,43,50,85,29,7,18,80,40,9,12,10,78,52,53,45,55
76,28,22,82,70,20,32,93,96,78,70,85,73,20,63,79,16,43,79,98,33,10,73,12,38,42
7,7,53,52,92,28,69,60,35,39,59,19,17,41,72,97,96,86,28,69,82,38,34,95,35,97
43,98,94,23,53,90,28,74,16,27,25,98,58,20,99,56,30,73,2,8,20,20,49,83,79,78
80,32,52,68,38,48,89,19,40,26,32,84,32,94,67,68,67,28,10,9,97,87,48,56,45,88
16,40,55,77,40,21,59,22,92,22,66,26,37,97,53,90,37,65,47,33,24,70,35,65,20,84
15,4,89,0,42,41,39,54,31,6,2,72,9,90,85,16,27,35,63,32,11,85,84,51,53,39
15,80,52,58,75,61,7,2,64,80,54,0,64,7,88,36,45,89,59,16,99,78,53,95,20,1
49,39,52,99,75,2,14,20,6,72,40,74,28,35,72,12,27,86,92,26,71,65,85,98,16,26
48,57,65,97,3,8,80,78,45,49,2,94,90,53,59,20,42,25,6,83,16,63,72,9,91,77
85,24,27,86,45,16,8,29,12,87,97,82,58,57,80,25,0,78,92,74,33,17,94,18,65,25
87,18,48,25,27,78,6,6,50,28,31,16,79,0,59,49,96,2,10,55,21,73,45,64,69,21
6,0,11,5,94,53,16,97,87,59,86,56,20,58,44,58,91,45,87,1,87,97,38,83,89,37
39,58,44,76,30,37,61,36,66,53,8,96,87,1,27,80,92,68,56,45,11,87,12,3,88,87
22,0,57,37,26,33,27,16,43,5,88,17,64,31,28,47,71,20,48,78,14,42,72,37,3,44
88,4,56,0,50,69,64,35,55,3,57,76,95,72,57,63,30,13,8,13,48,68,6,18,38,53
57,27,86,64,70,96,58,58,78,81,99,71,95,1,1,5,34,89,71,11,66,87,72,44,86,45
58,95,58,95,79,68,47,3,90,68,99,66,24,35,96,54,84,66,58,71,67,24,0,4,38,53
9,24,51,94,98,52,25,6,87,33,97,60,8,28,72,90,75,78,34,74,25,76,8,93,3,56
71,8,64,27,80,98,61,30,43,43,9,12,29,26,11,92,80,33,89,5,39,84,23,40,50,31
4,95,70,50,39,90,48,50,92,5,27,32,5,75,14,59,29,21,27,27,82,61,44,4,83,52
90,23,16,54,33,98,8,55,13,47,43,37,1,44,29,29,21,74,45,35,90,86,42,99,28,43
20,75,36,10,55,68,51,68,56,92,91,93,60,42,50,11,33,17,64,53,46,5,70,51,34,46
31,64,56,87,75,92,8,63,58,60,88,87,51,35,86,56,72,90,70,56,94,31,78,44,96,27
37,36,26,28,79,9,12,46,22,78,51,51,67,77,85,90,25,74,50,53,17,94,41,82,65,7
66,66,94,3,14,29,33,40,14,34,66,80,17,85,72,73,73,37,92,71,67,44,75,22,17,2
11,41,81,48,82,84,85,52,77,17,37,86,81,11,55,37,2,74,95,85,50,18,32,89,17,30
69,42,25,60,89,45,15,6,61,42,11,30,61,57,16,67,26,20,1,8,24,53,62,87,2,38
5,58,91,86,96,24,75,91,78,50,79,15,55,85,67,94,92,45,94,88,9,67,98,53,98,88
33,6,21,51,83,30,41,16,57,36,10,67,90,71,1,10,95,61,84,52,2,24,29,69,21,22
70,6,21,81,65,48,15,31,17,16,28,62,79,32,33,80,91,49,60,59,22,17,48,32,24,47
4,69,2,44,88,22,49,13,97,92,73,62,55,38,54,37,96,11,89,6,56,1,65,63,30,87
15,52,33,83,27,61,80,85,62,53,8,83,44,58,96,13,8,79,3,51,26,28,70,62,29,90
5,36,25,88,96,50,54,0,57,82,7,69,96,2,36,60,62,13,84,5,67,45,61,35,18,99
80,44,63,28,4,7,3,72,23,63,15,52,33,27,77,45,10,55,39,34,96,45,7,61,54,38
16,22,64,92,74,93,80,0,13,93,98,38,45,32,12,46,18,71,20,28,29,46,44,67,3,59
77,6,62,26,76,85,47,71,3,45,44,60,7,33,58,82,24,5,7,28,65,91,5,90,63,42
11,70,14,8,52,87,12,51,90,3,55,5,82,16,33,58,20,17,48,88,58,41,32,64,60,65
61,25,21,37,1,25,31,54,98,88,73,38,63,3,18,3,2,3,34,29,25,83,57,59,18,61
28,22,82,69,48,51,35,40,86,83,61,88,59,53,69,95,89,75,97,10,0,99,28,54,34,95
52,23,66,37,85,72,4,4,77,86,30,50,52,50,75,51,36,22,13,24,38,27,28,61,97,69
69,33,16,99,26,42,79,64,57,81,1,61,21,4,72,55,18,44,68,29,51,28,32,82,9,53
29,42,82,92,70,54,98,98,58,15,32,24,27,96,22,7,95,42,2,52,95,87,47,12,52,1
71,57,20,9,92,51,33,87,52,77,40,50,41,67,39,5,27,70,12,56,48,4,48,83,15,27
88,85,30,90,58,69,11,75,52,1,38,96,68,40,63,74,6,64,99,12,50,32,64,61,47,5
40,42,6,68,6,64,47,5,37,17,71,60,18,73,8,21,6,82,6,97,5,24,55,13,49,72
59,11,92,58,85,53,91,79,96,20,33,77,78,77,16,24,95,74,66,98,23,35,22,60,40,50
0,62,71,74,4,13,74,70,3,91,23,57,38,41,55,42,54,44,39,10,2,94,43,49,31,44
39,75,54,21,56,66,35,83,97,14,50,39,96,59,3,98,66,77,45,14,74,86,7,13,73,77
10,10,5,58,5,27,49,70,95,97,61,65,19,11,14,0,12,27,47,20,55,98,70,16,7,7
1,70,73,48,58,76,92,93,42,77,4,61,0,85,36,69,81,16,95,73,85,72,67,4,27,28
17,48,27,59,8,69,31,44,62,39,85,30,80,29,97,93,98,42,65,31,82,2,84,83,48,64
49,3,23,20,55,66,30,10,86,80,31,15,44,81,57,44,23,7,92,76,72,26,80,74,85,62
42,18,28,98,2,33,37,66,30,34,49,70,96,58,92,94,92,11,66,42,23,56,57,50,99,30
4,74,7,5,12,65,85,61,87,31,8,35,10,17,75,23,40,18,81,30,44,58,59,83,96,55
9,32,63,71,64,35,20,39,79,46,17,41,85,13,50,54,69,7,72,81,56,0,57,84,96,64
33,16,64,86,99,98,58,59,24,81,21,87,75,80,78,75,12,52,55,83,5,63,83,91,62,69
38,80,67,36,19,52,9,74,18,28,27,36,64,82,40,85,79,82,26,91,39,95,5,42,8,21
38,33,0,64,86,18,85,74,91,94,26,77,56,62,82,31,56,13,18,2,38,53,81,31,68,24
0,63,93,60,75,80,69,12,83,63,20,22,56,6,9,54,76,38,19,17,48,56,74,72,24,9
30,47,30,72,46,85,80,23,73,69,49,45,5,86,2,34,45,99,55,16,84,87,69,27,71,77
0,42,67,22,59,18,66,83,42,31,62,65,78,62,45,77,29,43,1,72,8,78,19,93,57,63
40,60,21,44,25,98,27,42,46,12,20,50,82,29,94,11,72,85,42,75,42,84,19,44,47,30
21,55,10,99,48,33,62,38,88,26,97,72,87,25,69,74,92,46,47,90,17,40,19,32,17,24
49,76,47,40,94,92,77,41,82,98,93,74,85,53,68,17,32,64,56,84,52,2,29,18,53,92
74,69,21,86,83,87,69,26,6,61,44,54,19,48,32,29,81,73,46,76,49,32,87,16,18,73
7,55,71,56,4,49,77,30,41,56,64,25,16,62,48,19,21,73,28,24,28,77,54,52,86,86
23,80,26,29,97,56,15,92,8,47,77,2,33,81,99,96,56,86,58,89,76,31,99,14,53,19
78,61,56,58,2,11,10,11,75,80,72,77,31,17,66,28,36,17,22,74,9,22,47,72,3,19
45,89,25,90,70,89,67,93,11,46,38,19,91,10,98,50,71,14,24,15,8,22,78,45,44,24
38,48,27,72,34,31,69,71,69,38,21,91,73,58,36,58,35,61,91,76,84,37,12,60,89,33
18,89,93,70,90,89,77,93,47,43,81,75,53,73,3,40,79,13,56,45,70,86,17,98,83,57
50,98,92,89,5,12,56,79,97,69,24,63,54,29,92,14,1,5,77,46,29,68,20,5,76,71
12,15,24,15,7,37,46,81,99,86,71,34,42,12,36,73,30,61,1,13,15,32,67,91,95,39
64,25,11,32,0,38,27,17,9,53,13,48,49,11,1,59,18,3,60,20,83,52,99,93,71,79
2,92,87,44,74,93,62,86,54,90,26,55,72,24,25,35,39,7,2,15,54,72,83,66,7,36
27,81,80,89,82,13,65,97,18,90,46,44,39,77,61,88,35,28,70,66,97,53,98,54,33,65
44,85,22,40,98,34,70,74,62,65,68,52,76,43,34,13,92,50,18,34,18,8,10,75,61,8
94,73,67,99,70,82,13,85,70,62,19,59,13,55,81,4,87,29,24,92,58,16,50,2,78,41
12,19,4,99,8,21,34,88,63,89,76,15,72,7,47,1,32,20,78,54,68,94,44,39,15,97
90,59,65,75,16,21,38,39,65,59,84,38,75,74,29,79,26,58,56,95,55,29,66,57,77,77
30,16,22,2,67,82,1,79,36,69,83,13,10,0,88,77,67,65,32,51,56,65,27,54,80,34
20,28,93,94,48,20,99,18,77,5,55,84,98,38,6,65,75,49,17,24,55,51,40,31,35,66
20,43,99,13,17,34,29,34,34,95,56,45,43,39,44,92,50,44,58,76,11,57,91,61,14,69
25,33,96,40,56,30,24,65,48,55,22,68,79,36,98,78,69,4,95,31,84,42,84,44,52,57
4,79,37,17,24,72,25,17,94,53,70,86,58,72,6,0,82,43,55,75,29,90,55,35,99,9
50,21,80,46,43,13,87,62,56,29,91,35,25,45,66,64,16,79,82,37,8,99,45,25,97,23
44,94,2,31,22,55,60,47,34,21,15,64,28,89,83,11,23,17,63,17,83,20,49,6,21,0
88,10,81,8,13,65,0,14,58,57,37,29,42,51,49,37,25,59,29,21,92,91,42,13,64,90
13,75,81,45,83,85,1,20,34,33,48,4,45,7,86,55,74,63,76,28,66,5,42,54,30,88
30,31,12,15,47,88,74,38,33,28,58,92,57,81,70,63,87,22,65,25,88,86,45,20,59,12
97,15,0,30,81,15,64,62,24,60,69,30,27,91,94,10,98,71,49,86,64,0,88,95,78,23
48,89,91,44,48,29,40,47,87,22,58,89,69,58,29,27,65,37,35,88,41,95,52,42,4,46
75,72,43,3,96,24,51,59,21,21,71,61,37,77,29,65,52,44,43,24,55,53,96,18,83,34
78,94,68,75,31,34,5,36,32,37,91,5,1,28,89,93,52,75,29,61,85,35,10,83,71,12
26,91,83,93,22,16,11,61,34,89,18,32,6,77,46,60,69,8,60,11,20,46,22,23,84,58
3,59,81,11,16,50,78,48,88,50,84,33,23,78,29,32,10,60,77,44,31,88,69,44,96,95
47,84,10,47,37,52,15,54,44,3,38,77,13,13,30,89,9,96,78,22,89,57,63,45,86,1
19,46,12,98,80,66,14,15,38,66,48,62,64,2,27,18,84,22,27,57,83,44,98,47,33,49
26,13,65,73,81,98,54,55,98,44,96,85,1,64,68,47,74,91,38,63,13,89,52,84,55,10
43,34,63,30,71,61,78,12,57,92,29,86,86,0,1,80,88,76,7,36,80,57,19,55,22,21
46,89,78,96,20,55,33,50,6,27,72,13,37,24,2,36,54,92,19,6,40,93,27,8,14,68
29,94,35,95,45,63,51,40,48,10,85,28,19,58,19,0,53,81,49,18,77,15,47,0,45,34
15,86,69,70,33,39,69,21,21,16,87,70,63,35,60,37,9,54,53,13,82,33,96,98,63,56
52,11,51,22,63,31,23,60,17,64,60,9,49,71,75,90,26,32,12,16,53,28,59,17,13,6
38,66,61,79,58,91,65,68,14,93,60,18,18,37,96,87,1,91,67,96,82,83,12,99,44,54
33,17,66,62,83,76,81,6,42,66,98,75,36,5,99,56,68,83,21,12,13,60,45,24,45,25
35,79,91,48,28,83,92,63,10,72,33,64,88,27,90,74,71,17,4,94,83,30,71,57,2,6
66,87,27,43,10,25,9,96,51,0,37,59,2,46,56,27,4,51,36,31,35,63,0,22,3,65
94,47,60,58,33,95,90,19,59,56,30,86,72,6,11,76,42,67,6,37,97,29,93,84,43,94
34,84,91,52,17,39,47,46,68,48,32,23,51,47,83,60,34,19,94,81,20,94,28,63,9,11
85,25,45,77,90,1,69,19,7,52,14,20,2,92,82,93,49,33,97,82,22,14,65,22,18,40
54,12,37,78,32,44,2,30,37,1,21,65,3,23,29,71,99,3,79,68,59,72,36,42,78,35
83,55,71,35,37,35,24,42,87,97,70,32,61,20,50,54,60,29,58,8,83,43,63,64,72,30
89,90,56,72,96,40,15,8,59,62,32,66,43,0,27,69,90,73,73,99,2,94,37,56,69,49
61,91,2,15,82,26,76,38,96,94,38,11,83,51,67,2,37,41,22,8,9,29,79,87,50,66
81,31,56,2,65,69,53,87,27,69,77,75,7,92,32,24,64,90,22,92,44,9,67,57,79,0
93,91,37,73,10,99,18,43,12,56,67,26,34,19,15,3,9,63,5,43,84,64,89,12,95,61
27,16,9,51,42,43,58,87,26,55,2,6,27,50,69,90,62,3,38,25,90,59,78,45,24,61
37,97,61,79,92,71,53,74,1,59,14,55,25,43,68,51,63,5,21,13,12,2,84,85,99,96
0,46,7,20,31,41,13,32,27,98,76,12,11,17,43,70,34,0,78,45,59,57,33,35,52,53
98,78,82,11,69,50,37,3,33,44,90,92,31,13,39,64,93,77,93,13,27,45,83,72,4,3
44,66,86,73,4,84,80,31,13,96,66,86,66,78,75,42,95,98,99,64,57,38,76,3,67,24
83,22,2,3,56,60,77,96,28,1,97,18,30,62,43,67,10,22,66,11,95,50,6,48,84,31
0,98,11,91,44,28,96,60,83,65,52,24,61,71,54,19,32,46,27,2,1,5,35,17,20,7
99,78,0,73,16,15,52,36,91,80,41,87,74,2,1,82,44,94,19,68,6,34,24,4,23,99
20,82,61,33,78,55,99,86,25,72,21,79,68,35,30,70,96,49,67,40,6,41,44,38,60,25
36,68,28,3,46,22,32,74,82,44,29,14,13,57,55,2,83,29,71,42,93,53,14,49,57,54
12,72,18,19,48,45,99,71,95,5,94,63,35,53,40,19,77,18,42,16,79,11,50,36,40,41
72,76,93,79,72,42,87,20,26,23,30,76,52,5,99,93,73,5,77,17,14,92,34,30,45,20
81,83,17,26,95,16,96,26,55,8,40,73,73,4,91,70,53,29,52,19,76,18,95,62,98,98
68,91,57,43,95,12,94,41,93,13,16,73,77,88,79,49,81,40,92,19,46,20,86,9,25,12
6,0,88,4,27,44,89,58,66,30,87,43,34,27,84,35,25,0,75,73,39,69,93,16,17,82
39,60,79,92,88,88,73,38,40,82,84,0,43,75,8,7,70,81,78,91,71,59,27,13,85,94
61,7,69,44,18,35,70,4,14,78,51,55,16,70,43,73,57,87,52,12,55,55,18,27,15,4
56,15,90,62,22,54,31,66,10,25,91,10,30,1,64,93,72,62,50,95,74,15,17,38,17,65
25,84,41,57,72,91,66,26,31,59,82,8,54,88,28,74,24,99,8,81,65,97,83,4,0,54
28,5,47,93,5,70,81,75,95,64,67,51,27,87,84,3,76,32,22,35,1,5,51,56,69,55
21,59,75,66,85,69,84,94,66,11,9,57,21,33,76,44,62,26,4,4,74,14,4,76,3,85
53,60,64,87,98,47,80,39,11,7,11,43,6,47,84,71,58,92,68,42,35,61,34,46,60,98
98,86,90,17,61,81,28,59,5,68,38,94,26,6,28,22,73,37,53,11,78,15,29,59,72,9
48,48,63,18,65,49,61,77,37,64,70,64,57,15,79,97,80,89,61,91,31,56,72,77,44,46
59,36,3,30,13,94,66,48,96,36,54,75,73,86,1,45,67,92,4,64,21,24,92,56,72,60
28,11,52,33,98,6,7,83,7,94,62,53,41,81,65,5,34,63,18,1,35,7,52,31,72,86
24,81,0,61,78,93,45,33,61,61,76,35,41,15,58,1,57,29,63,87,50,17,84,55,20,49
76,71,36,95,59,78,8,49,77,27,54,80,40,11,17,47,90,91,33,46,84,54,4,52,90,7
62,47,81,23,83,78,5,57,49,59,93,52,34,31,21,11,43,67,16,69,29,64,20,76,16,67
33,35,56,10,78,40,69,99,30,10,53,10,49,51,31,90,86,74,94,38,6,23,7,74,64,97
85,82,7,27,19,86,47,33,70,60,62,12,4,51,30,71,35,63,97,40,92,7,18,45,30,83
4,92,95,52,92,97,92,20,54,86,79,93,43,55,7,69,53,37,15,39,91,27,39,82,62,86
48,81,34,70,80,75,50,71,14,95,14,87,82,72,68,66,40,99,43,51,74,20,37,89,31,51
88,83,17,54,60,97,31,18,49,60,35,39,48,70,75,87,62,55,28,57,22,94,95,96,87,18
70,66,22,15,15,99,57,84,37,48,8,87,7,21,65,72,41,32,15,62,7,47,56,21,53,87
47,46,57,9,11,55,76,36,67,73,95,63,44,87,23,39,65,14,76,50,90,98,48,65,41,41
21,62,3,96,29,81,67,94,70,15,26,41,3,24,51,24,91,27,89,13,42,84,25,20,46,75
92,46,24,4,61,16,15,19,14,19,60,89,42,76,27,37,47,97,44,17,0,64,94,35,16,6
58,65,8,89,38,11,91,20,99,81,85,53,63,90,14,90,88,6,72,52,62,61,88,96,41,29
4,6,36,71,14,61,85,1,32,60,78,37,62,68,12,15,87,94,52,36,44,18,49,76,15,47
24,66,39,95,27,20,16,41,37,93,35,65,38,14,27,57,40,21,93,27,17,10,32,20,29,4
23,68,94,22,59,54,10,37,55,41,83,24,9,48,59,65,67,38,5,8,74,66,74,25,84,66
60,87,32,29,40,6,11,59,49,42,76,95,51,46,76,27,35,1,23,99,45,30,44,94,73,51
99,94,21,62,61,81,18,40,84,51,36,18,9,0,32,7,16,37,47,6,47,72,5,44,94,85
25,28,93,64,6,53,25,46,49,87,7,15,83,71,50,82,36,64,63,68,72,52,7,12,26,98
4,80,0,51,64,45,12,99,97,21,63,60,58,44,20,12,69,48,36,8,43,99,28,58,5,82
60,26,10,91,1,32,11,37,21,57,35,54,31,75,45,48,65,28,14,53,32,67,84,4,99,34
69,45,31,30,34,27,55,33,26,13,36,12,37,58,10,98,95,70,50,96,94,25,62,79,46,36
6,61,13,5,35,62,3,64,34,8,55,29,3,31,26,61,75,36,14,8,83,77,96,9,94,78
5,79,16,39,54,18,54,15,94,76,76,32,18,61,3,98,72,13,90,87,77,60,27,90,57,89
47,62,23,78,68,86,18,27,99,21,48,13,55,98,51,55,57,9,57,94,95,74,24,64,61,2
32,87,10,59,15,68,78,29,4,5,45,19,59,45,59,55,67,86,24,14,88,4,95,45,78,26
50,11,82,65,7,92,82,60,57,79,92,54,43,52,94,6,86,8,76,34,66,73,18,51,21,31
63,78,44,14,2,0,43,64,2,31,86,58,85,31,80,53,47,61,96,45,88,21,81,28,81,63
2,98,90,32,91,58,59,18,17,14,99,1,48,86,70,14,59,70,84,59,19,51,44,93,34,94
15,24,53,14,31,71,63,67,84,72,82,19,47,71,79,71,87,20,71,46,9,83,93,32,46,3
9,70,32,93,7,0,44,53,90,95,55,8,41,14,27,20,73,3,58,2,32,52,32,0,33,33
7,66,10,69,41,68,42,74,27,65,89,6,60,83,4,82,42,67,51,40,88,98,89,89,78,24
82,47,55,86,55,60,31,36,77,28,19,18,5,76,54,30,36,88,56,80,28,28,79,59,25,70
98,45,13,30,38,17,65,34,27,31,95,71,47,45,64,0,75,97,19,85,90,14,78,68,66,81
30,58,22,75,95,48,57,82,87,37,94,68,78,66,73,54,37,4,37,52,30,49,0,86,84,77
24,8,21,74,32,87,78,75,3,95,8,16,93,3,59,25,8,93,54,19,21,11,75,52,97,16
5,50,56,26,26,25,82,41,42,23,74,13,96,89,13,94,89,35,71,11,47,1,26,18,82,2
53,66,42,81,9,79,39,61,3,18,21,1,34,1,15,44,67,20,10,4,38,11,82,90,18,22
88,40,38,20,16,89,78,89,94,13,46,77,31,6,52,10,87,45,86,86,4,64,84,61,54,42
58,1,6,66,67,73,90,0,95,86,17,91,32,29,50,52,74,53,24,20,47,86,80,40,79,43
4,30,75,22,43,40,83,96,39,35,13,52,48,72,41,4,42,51,14,25,24,60,11,12,54,17
92,89,67,28,63,87,3,83,12,93,96,67,21,12,54,66,51,81,83,83,19,5,16,47,61,98
84,87,45,80,94,1,5,20,94,72,81,36,8,43,98,86,12,83,68,64,1,87,7,46,15,39
0,25,6,28,46,53,97,84,52,15,99,24,76,20,31,70,85,93,18,14,21,17,73,32,34,57
50,22,1,36,59,25,99,44,87,52,67,58,90,19,7,5,92,99,31,34,69,25,80,22,36,98
32,63,52,13,52,27,72,66,75,27,29,70,29,23,80,73,44,73,29,40,14,47,42,93,23,98
83,20,45,94,9,72,22,96,95,79,87,24,75,69,60,88,88,73,43,36,63,94,89,18,89,0
23,75,8,7,28,16,17,78,20,34,7,47,62,56,24,68,56,70,24,41,13,54,55,35,39,42
40,22,30,37,1,52,7,39,18,34,85,88,1,83,69,10,24,40,81,94,15,14,24,26,5,95
83,12,69,6,43,6,92,26,28,35,94,79,93,83,93,14,5,68,24,63,8,39,60,95,43,78
45,28,24,0,66,76,96,67,99,21,92,3,77,32,81,47,88,89,26,95,61,38,31,6,59,62
24,63,93,66,72,27,15,40,24,92,18,3,28,64,91,17,81,69,84,9,83,62,48,82,8,7
18,52,44,79,4,53,94,78,70,0,5,14,29,64,77,61,56,33,50,78,71,87,43,71,37,69
69,5,48,52,78,58,55,22,56,93,32,76,37,79,98,47,93,62,95,72,75,50,8,98,25,45
10,50,85,90,96,7,81,54,89,3,60,96,36,20,88,33,65,42,95,76,74,66,45,27,14,10
4,31,74,96,22,46,72,83,91,58,1,27,47,80,96,30,93,28,77,59,60,13,8,17,80,19
22,62,38,70,55,17,83,25,88,32,36,61,46,68,21,78,62,62,58,47,92,19,0,4,42,82
7,99,2,73,78,99,85,90,78,72,84,97,4,1,68,78,20,22,14,63,46,78,64,44,82,40
93,82,77,64,15,58,79,7,71,13,36,23,65,35,20,71,3,18,64,65,43,71,95,38,45,51
26,6,36,88,77,47,43,53,39,60,47,55,33,30,77,52,59,24,5,74,45,64,64,87,96,41
58,5,23,97,26,76,92,52,56,83,74,66,68,1,17,43,85,36,29,14,95,60,25,30,19,98
64,33,91,23,27,0,93,49,35,80,76,32,16,37,4,85,21,54,40,2,31,79,50,88,1,66
13,60,95,86,49,82,12,0,81,17,62,50,72,15,80,99,7,94,22,47,99,75,45,42,24,35
1,30,76,96,53,92,80,97,81,96,72,86,44,43,85,40,99,8,83,32,64,46,26,99,39,12
42,85,41,1,66,83,77,73,8,83,79,94,13,30,83,19,62,23,75,59,99,66,5,19,54,35
24,76,2,67,81,50,64,40,44,66,68,36,55,64,94,74,45,40,95,23,23,97,68,13,9,38
42,76,84,57,46,96,79,11,71,56,84,80,54,20,43,73,92,73,86,32,77,63,16,45,91,69
81,97,20,10,76,90,60,27,66,48,10,75,37,56,13,20,38,36,55,79,77,27,40,43,60,78
14,92,38,22,80,41,41,61,22,97,72,2,52,8,97,6,70,11,32,63,53,28,28,12,48,73
81,23,58,0,98,36,71,8,60,96,40,47,90,73,49,73,73,17,31,9,80,13,33,12,38,11
51,43,6,16,28,25,10,66,38,91,99,70,44,27,61,6,39,54,60,80,87,24,72,29,96,32
26,17,61,23,83,43,28,54,65,46,73,50,9,54,31,30,4,59,65,33,58,72,12,41,4,3
79,95,87,28,19,54,87,43,69,91,41,24,43,28,91,12,59,65,80,26,63,40,59,87,5,4
78,5,72,79,5,94,27,8,47,82,67,1,43,80,54,89,45,89,34,98,53,14,56,7,85,32
57,64,5,11,76,33,85,81,25,6,19,89,44,51,67,33,51,68,25,41,50,84,56,60,47,23
30,46,9,39,23,25,13,29,0,99,27,97,65,32,55,26,2,81,95,23,3,65,1,41,44,56
43,85,23,24,36,21,76,67,24,16,1,55,30,48,52,35,55,29,80,58,42,87,27,57,73,87
99,58,59,62,54,13,67,72,31,56,64,13,37,31,7,69,50,64,74,48,28,42,58,63,57,90
24,86,28,10,22,44,98,16,39,73,70,29,89,55,28,70,40,56,83,8,69,5,0,10,32,40
72,52,62,15,8,59,24,29,56,11,41,40,89,17,75,84,4,41,49,33,93,6,93,44,90,90
30,67,54,74,42,73,14,36,90,93,1,21,45,63,66,6,45,85,19,16,62,79,1,79,51,19
29,50,91,12,99,53,76,8,94,48,91,71,55,92,48,93,85,42,48,31,98,53,74,65,76,42
85,7,27,31,15,73,61,10,68,66,40,9,36,55,66,93,91,5,75,18,42,36,50,26,54,35
44,42,26,95,34,89,65,24,3,13,5,9,36,24,5,36,21,99,24,52,94,28,67,9,99,38
23,69,78,51,74,75,46,31,88,53,41,34,2,97,6,19,6,62,44,60,48,15,53,51,21,13
81,84,3,72,76,52,68,26,8,70,2,24,48,66,5,38,44,61,96,38,27,93,50,81,75,18
27,21,1,64,24,48,12,84,6,23,52,34,17,72,26,99,60,72,34,2,71,5,37,99,19,76
27,54,23,59,91,68,94,33,71,16,19,75,40,15,35,5,23,3,71,38,78,22,45,6,46,81
10,23,22,79,1,6,53,53,37,26,83,97,80,30,94,61,77,79,41,95,58,79,21,58,94,28
38,99,82,81,87,29,13,25,76,28,79,61,20,68,50,61,50,23,92,38,77,96,84,56,62,17
67,89,67,65,61,48,44,42,27,96,18,46,40,96,0,21,42,12,17,81,51,42,68,8,14,69
91,17,21,92,57,21,86,57,33,72,72,20,36,60,29,19,74,32,41,64,33,28,10,89,55,34
61,98,95,83,48,46,65,19,56,42,28,94,11,70,47,0,50,6,95,69,16,79,10,22,49,75
81,92,65,57,7,9,32,33,67,48,98,68,63,83,78,88,69,44,0,4,57,11,1,47,30,3
61,71,20,62,44,98,50,81,79,7,8,55,55,63,3,78,13,68,65,4,0,31,65,68,25,48
88,91,27,60,54,21,35,75,57,8,77,89,54,76,32,75,65,84,76,86,16,49,75,14,68,23
15,94,89,7,81,26,17,42,15,75,20,44,17,29,55,92,54,10,92,73,64,85,5,46,77,16
82,4,78,97,17,17,0,42,96,38,61,77,71,88,16,27,89,67,51,8,59,42,79,45,59,26
53,40,25,66,51,65,97,99,65,57,79,41,33,23,90,69,29,21,12,3,25,84,33,0,78,73
25,23,78,11,4,76,96,90,22,57,80,1,16,21,34,58,5,74,3,19,83,55,25,88,51,42
98,24,53,72,3,21,75,30,80,52,50,59,93,45,97,18,46,93,40,5,60,25,42,1,78,56
66,20,39,56,5,30,83,32,55,52,45,47,62,22,61,92,6,63,86,2,0,43,13,10,61,54
98,28,11,3,80,13,68,83,84,72,5,69,30,71,22,6,41,12,97,78,23,94,83,95,63,92
11,99,73,51,34,12,8,65,80,35,58,20,40,94,25,98,44,26,74,22,48,44,11,67,30,89
66,25,40,4,57,28,44,10,44,54,30,79,26,11,35,66,60,19,86,85,7,45,82,4,90,45
70,49,54,61,60,87,66,11,73,25,97,50,91,20,99,10,73,98,12,18,14,47,79,65,53,92
24,62,57,35,20,23,32,2,23,33,87,89,83,4,19,95,95,72,59,88,72,40,57,48,74,29
33,31,59,63,23,91,86,1,85,10,6,49,97,18,88,80,65,53,58,43,41,43,92,97,91,8
61,18,30,83,90,58,44,79,65,37,72,65,74,41,69,87,23,27,87,12,0,47,69,70,57,20
55,16,75,48,15,73,47,31,67,0,44,80,13,62,25,89,36,73,27,67,14,94,41,89,54,77
34,28,72,65,30,51,66,86,5,16,69,48,21,51,20,87,99,43,78,55,26,84,44,14,97,9
93,18,55,42,8,24,73,27,18,76,3,79,71,15,70,38,64,28,56,72,53,57,42,40,94,71
71,76,19,87,37,90,84,55,16,72,89,91,41,7,95,55,1,45,45,70,96,35,44,24,11,59
23,97,61,0,85,94,63,88,58,19,61,78,98,96,60,82,17,41,23,88,91,81,66,83,13,62
92,0,64,94,45,36,98,78,30,13,56,55,72,39,55,18,97,22,64,35,28,34,28,78,6,10
79,35,31,90,88,46,60,13,75,78,6,78,71,78,19,26,25,62,84,34,49,92,80,56,65,71
85,67,10,58,24,28,59,57,97,67,6,50,53,53,71,20,28,1,95,86,10,52,46,23,67,46
62,68,26,83,72,41,76,39,12,8,18,54,81,20,19,28,23,34,10,90,64,43,98,21,74,64
36,96,42,72,44,3,9,86,38,36,4,69,18,43,63,13,49,45,86,19,22,95,36,52,85,98
80,52,59,31,98,64,8,80,12,46,43,6,71,17,43,49,65,61,56,37,58,86,1,19,2,33
13,2,52,81,41,15,53,84,14,96,72,97,58,74,52,30,77,5,51,95,49,70,64,18,60,72
55,65,33,52,20,33,70,11,0,42,0,19,66,91,55,51,35,4,58,70,19,81,64,21,88,29
46,79,37,88,43,24,37,87,35,90,76,22,69,54,55,94,88,71,94,43,98,8,45,46,31,87
67,63,30,53,43,60,17,69,26,60,16,97,52,61,38,12,12,92,19,54,68,95,86,83,22,38
40,62,33,38,20,98,5,74,45,69,58,8,74,42,74,78,58,8,17,82,74,51,85,36,14,17
19,95,51,63,44,16,7,27,88,77,73,38,31,49,73,67,59,54,8,29,51,59,80,29,1,71
96,23,71,14,46,56,20,25,70,71,31,72,85,27,19,13,13,24,70,8,90,76,14,1,72,86
70,35,0,9,1,0,75,58,85,75,56,21,59,69,84,59,97,37,1,77,90,23,51,14,20,19
37,26,6,72,41,68,23,34,55,28,28,42,58,26,28,88,68,58,12,75,30,5,26,75,72,57
58,66,27,55,68,91,42,95,76,13,32,18,57,95,96,29,36,39,16,15,37,27,21,18,30,85
8,79,65,76,50,66,35,66,99,77,30,49,14,54,92,70,74,44,37,55,11,10,33,43,3,20
19,24,6,12,68,38,67,35,20,20,3,75,85,1,26,63,12,46,18,91,61,68,17,17,93,82
6,69,66,2,63,49,23,4,25,62,28,86,34,98,14,93,38,47,54,19,95,81,97,44,37,77
49,83,3,35,91,59,97,91,86,43,75,52,83,94,98,90,59,17,45,77,72,85,98,47,81,41
36,55,27,87,65,34,23,92,73,33,3,37,77,45,52,74,79,91,87,82,76,36,1,62,68,40
86,62,47,29,35,3,31,42,9,85,92,36,7,60,22,91,31,15,5,96,16,53,4,56,83,7
62,48,89,57,18,23,71,22,47,41,31,38,33,33,59,51,61,23,88,76,65,4,56,62,70,3
25,6,46,20,26,17,44,53,16,22,7,20,71,17,82,18,8,11,98,97,11,24,77,38,51,71
22,42,74,33,25,56,79,83,17,45,90,39,45,3,58,18,31,97,90,36,70,31,81,19,14,83
20,26,19,36,49,61,76,88,61,67,40,48,91,31,16,81,1,62,29,93,95,7,94,97,40,40
38,38,61,34,87,86,19,76,14,47,43,1,11,84,60,62,29,37,59,71,59,88,83,74,31,69
59,69,36,48,98,32,32,11,27,3,34,50,52,65,60,11,27,18,85,45,74,65,81,8,7,51
91,81,97,9,55,47,56,30,66,65,97,74,22,95,67,88,56,75,76,62,57,38,39,14,51,73
64,7,7,56,56,63,92,19,70,37,96,70,55,38,55,56,16,54,4,54,11,30,0,80,7,63
53,23,26,5,17,74,18,9,53,70,9,40,71,66,28,32,26,82,12,9,37,18,66,6,74,47
65,61,28,12,71,70,73,18,71,59,31,82,96,29,19,57,18,52,15,38,93,60,41,72,96,30
46,5,73,35,23,71,15,51,96,56,89,69,79,59,6,6,16,27,50,98,56,55,36,50,23,96
42,17,5,57,11,71,61,11,64,78,86,41,92,7,33,85,56,59,98,19,56,58,24,30,66,71
79,31,34,58,78,6,68,52,22,43,96,76,31,70,62,42,95,22,17,7,10,57,12,40,85,87
86,13,4,34,2,39,42,37,35,70,71,65,3,52,41,72,73,79,99,49,28,63,8,80,91,33
22,18,65,21,77,59,24,78,94,55,34,65,73,96,42,74,22,4,67,25,70,74,70,69,4,22
49,74,51,70,13,92,92,28,26,70,29,32,88,56,78,16,87,0,47,7,46,82,12,40,72,30
83,69,34,97,64,25,77,62,77,99,29,12,31,82,79,28,43,96,71,25,17,28,38,48,40,72
52,68,20,85,40,71,51,82,6,59,29,71,10,51,55,85,82,26,90,2,33,14,52,20,69,73
